Method,Path,Body,single_q,double_q,dashes,braces,spaces,badwords,class
GET,b'/',b'',0,0,0,0,0,0,good
GET,b'/?qSCD={HIDd}&wKkY=<>',b'',0,0,0,0,0,0,good
GET,b'/nkDHTxmMR18N2l9k',b'',0,0,0,0,0,0,good
GET,b'/TN6KMOM9',b'',0,0,0,0,0,0,good
GET,b'/',b'',0,0,0,0,0,0,good
GET,b'/hPwqsKIg',b'',0,0,0,0,0,0,good
GET,b'/sitemap.xml',b'',0,0,0,0,0,0,good
GET,b'/7jpuqnmg4gok.html',b'',0,0,0,0,0,0,good
GET,b'/7jpuqnmg4gok.jsp',b'',0,0,0,0,0,0,good
GET,b'/7jpuqnmg4gok.php',b'',0,0,0,0,0,0,good
GET,b'/7jpuqnmg4gok',b'',0,0,0,0,0,0,good
GET,b'/robots.txt',b'',0,0,0,0,0,0,good
GET,b'/sitemap.xml.gz',b'',0,0,0,0,0,0,good
GET,b'/',b'',0,0,0,0,0,0,good
GET,b'/?vojN={WxHJ}&MWkS=<>',b'',0,0,0,0,0,0,good
GET,b'/TN6KMOM99PwqsKIg',b'',0,0,0,0,0,0,good
GET,b'/Mj07uuH7',b'',0,0,0,0,0,0,good
GET,b'/',b'',0,0,0,0,0,0,good
GET,b'/UR65htlN',b'',0,0,0,0,0,0,good
GET,b'/ztrtrHDj',b'',0,0,0,0,0,0,good
GET,b'/cgbuoof0z9ct',b'',0,0,0,0,0,0,good
GET,b'/cgbuoof0z9ct.php',b'',0,0,0,0,0,0,good
GET,b'/sitemap.xml',b'',0,0,0,0,0,0,good
GET,b'/robots.txt',b'',0,0,0,0,0,0,good
GET,b'/cgbuoof0z9ct.html',b'',0,0,0,0,0,0,good
GET,b'/cgbuoof0z9ct.jsp',b'',0,0,0,0,0,0,good
GET,b'/sitemap.xml.gz',b'',0,0,0,0,0,0,good
GET,b'/robots.txt',b'',0,0,0,0,0,0,good
GET,b'/',b'',0,0,0,0,0,0,good
GET,b'/nkDHTxmMR18N2l9k',b'',0,0,0,0,0,0,good
GET,b'/?qSCD={HIDd}&wKkY=<>',b'',0,0,0,0,0,0,good
GET,b'/TN6KMOM9',b'',0,0,0,0,0,0,good
GET,b'/',b'',0,0,0,0,0,0,good
GET,b'/hPwqsKIg',b'',0,0,0,0,0,0,good
GET,b'/an1tifp4avk3',b'',0,0,0,0,0,0,good
GET,b'/sitemap.xml',b'',0,0,0,0,0,0,good
GET,b'/an1tifp4avk3.php',b'',0,0,0,0,0,0,good
GET,b'/an1tifp4avk3.html',b'',0,0,0,0,0,0,good
GET,b'/an1tifp4avk3.jsp',b'',0,0,0,0,0,0,good
GET,b'/robots.txt',b'',0,0,0,0,0,0,good
GET,b'/sitemap.xml.gz',b'',0,0,0,0,0,0,good
GET,b'/',b'',0,0,0,0,0,0,good
GET,b'/',b'',0,0,0,0,0,0,good
GET,b'/?qSCD={HIDd}&wKkY=<>',b'',0,0,0,0,0,0,good
GET,b'/nkDHTxmMR18N2l9k',b'',0,0,0,0,0,0,good
GET,b'/',b'',0,0,0,0,0,0,good
GET,b'/TN6KMOM9',b'',0,0,0,0,0,0,good
GET,b'/hPwqsKIg',b'',0,0,0,0,0,0,good
GET,b'/robots.txt',b'',0,0,0,0,0,0,good
GET,b'/sitemap.xml',b'',0,0,0,0,0,0,good
GET,b'/8essllru909x.php',b'',0,0,0,0,0,0,good
GET,b'/8essllru909x',b'',0,0,0,0,0,0,good
GET,b'/8essllru909x.html',b'',0,0,0,0,0,0,good
GET,b'/8essllru909x.jsp',b'',0,0,0,0,0,0,good
GET,b'/sitemap.xml.gz',b'',0,0,0,0,0,0,good
GET,b'/',b'',0,0,0,0,0,0,good
GET,b'/',b'',0,0,0,0,0,0,good
GET,b'/?vojN={WxHJ}&MWkS=<>',b'',0,0,0,0,0,0,good
GET,b'/TN6KMOM99PwqsKIg',b'',0,0,0,0,0,0,good
GET,b'/Mj07uuH7',b'',0,0,0,0,0,0,good
GET,b'/',b'',0,0,0,0,0,0,good
GET,b'/UR65htlN',b'',0,0,0,0,0,0,good
GET,b'/7204gtembilb',b'',0,0,0,0,0,0,good
GET,b'/7204gtembilb.jsp',b'',0,0,0,0,0,0,good
GET,b'/7204gtembilb.php',b'',0,0,0,0,0,0,good
GET,b'/7204gtembilb.html',b'',0,0,0,0,0,0,good
GET,b'/robots.txt',b'',0,0,0,0,0,0,good
GET,b'/sitemap.xml',b'',0,0,0,0,0,0,good
GET,b'/publicapi/',b'',0,0,0,0,0,0,good
GET,b'/sitemap.xml.gz',b'',0,0,0,0,0,0,good
GET,b'/query/',b'',0,0,0,0,0,0,good
GET,b'/logging/',b'',0,0,0,0,0,0,good
GET,b'/qp/batch_fetch_web/',b'',0,0,0,0,0,0,good
GET,b'/client_error/',b'',0,0,0,0,0,0,good
GET,b'/qp',b'',0,0,0,0,0,0,good
GET,b'/qp/batch_fetch_web/',b'',0,0,0,0,0,0,good
GET,b'/qp/batch_fetch_web/ea0a42agoqcr.html',b'',0,0,0,0,0,0,good
GET,b'/qp/batch_fetch_web/ea0a42agoqcr.jsp',b'',0,0,0,0,0,0,good
GET,b'/qp/batch_fetch_web/ea0a42agoqcr.php',b'',0,0,0,0,0,0,good
GET,b'/qp/1x5ay5g6g0bo.php',b'',0,0,0,0,0,0,good
GET,b'/qp/batch_fetch_web/ea0a42agoqcr',b'',0,0,0,0,0,0,good
GET,b'/qp/1x5ay5g6g0bo.html',b'',0,0,0,0,0,0,good
GET,b'/qp/1x5ay5g6g0bo',b'',0,0,0,0,0,0,good
GET,b'/qp/',b'',0,0,0,0,0,0,good
GET,b'/qp/1x5ay5g6g0bo.jsp',b'',0,0,0,0,0,0,good
GET,b'/qp/batch_fetch_web',b'',0,0,0,0,0,0,good
GET,b'/',b'',0,0,0,0,0,0,good
GET,b'/',b'',0,0,0,0,0,0,good
GET,b'/?vDSS={KsNb}&uFPK=<>',b'',0,0,0,0,0,0,good
GET,b'/efWb5YMLJjWzVxlf',b'',0,0,0,0,0,0,good
GET,b'/TN6KMOM9',b'',0,0,0,0,0,0,good
GET,b'/',b'',0,0,0,0,0,0,good
GET,b'/hPwqsKIg',b'',0,0,0,0,0,0,good
GET,b'/4sxwi1gzjitc.php',b'',0,0,0,0,0,0,good
GET,b'/sitemap.xml',b'',0,0,0,0,0,0,good
GET,b'/4sxwi1gzjitc',b'',0,0,0,0,0,0,good
GET,b'/4sxwi1gzjitc.jsp',b'',0,0,0,0,0,0,good
GET,b'/robots.txt',b'',0,0,0,0,0,0,good
GET,b'/4sxwi1gzjitc.html',b'',0,0,0,0,0,0,good
GET,b'/sitemap.xml.gz',b'',0,0,0,0,0,0,good
GET,b'/ajax/',b'',0,0,0,0,0,0,good
GET,b'/album.php',b'',0,0,0,0,0,0,good
GET,b'/checkpoint/',b'',0,0,0,0,0,0,good
GET,b'/contact_importer/',b'',0,0,0,0,0,0,good
GET,b'/dialog/',b'',0,0,0,0,0,0,good
GET,b'/fbml/ajax/dialog/',b'',0,0,0,0,0,0,good
GET,b'/feeds/',b'',0,0,0,0,0,0,good
GET,b'/file_download.php',b'',0,0,0,0,0,0,good
GET,b'/job_application/',b'',0,0,0,0,0,0,good
GET,b'/l.php',b'',0,0,0,0,0,0,good
GET,b'/moments_app/',b'',0,0,0,0,0,0,good
GET,b'/p.php',b'',0,0,0,0,0,0,good
GET,b'/photos.php',b'',0,0,0,0,0,0,good
GET,b'/plugins/',b'',0,0,0,0,0,0,good
GET,b'/share.php',b'',0,0,0,0,0,0,good
GET,b'/share/',b'',0,0,0,0,0,0,good
GET,b'/sharer.php',b'',0,0,0,0,0,0,good
GET,b'/sharer/',b'',0,0,0,0,0,0,good
GET,b'/tr/',b'',0,0,0,0,0,0,good
GET,b'/tr',b'',0,0,0,0,0,0,good
GET,b'/x/oauth/',b'',0,0,0,0,0,0,good
GET,b'/map_tile.php',b'',0,0,0,0,0,0,good
GET,b'/static_map.php',b'',0,0,0,0,0,0,good
GET,b'/ajax/bootloader-endpoint/',b'',0,0,0,0,0,0,good
GET,b'/ajax/pagelet/generic.php/PagePostsSectionPagelet',b'',0,0,0,0,0,0,good
GET,b'/careers/',b'',0,0,0,0,0,0,good
GET,b'/safetycheck/',b'',0,0,0,0,0,0,good
GET,b'/watch',b'',0,0,0,0,0,0,good
GET,b'/watch/?v=',b'',0,0,0,0,0,0,good
GET,b'/about/privacy',b'',0,0,0,0,0,0,good
GET,b'/full_data_use_policy',b'',0,0,0,0,0,0,good
GET,b'/legal/terms',b'',0,0,0,0,0,0,good
GET,b'/policy.php',b'',0,0,0,0,0,0,good
GET,b'/',b'',0,0,0,0,0,0,good
GET,b'/nkDHTxmMR18N2l9k',b'',0,0,0,0,0,0,good
GET,b'/?qSCD={HIDd}&wKkY=<>',b'',0,0,0,0,0,0,good
GET,b'/TN6KMOM9',b'',0,0,0,0,0,0,good
GET,b'/',b'',0,0,0,0,0,0,good
GET,b'/hPwqsKIg',b'',0,0,0,0,0,0,good
GET,b'/uauh1k6f7o53',b'',0,0,0,0,0,0,good
GET,b'/sitemap.xml',b'',0,0,0,0,0,0,good
GET,b'/robots.txt',b'',0,0,0,0,0,0,good
GET,b'/uauh1k6f7o53.php',b'',0,0,0,0,0,0,good
GET,b'/uauh1k6f7o53.jsp',b'',0,0,0,0,0,0,good
GET,b'/uauh1k6f7o53.html',b'',0,0,0,0,0,0,good
GET,b'/sitemap.xml.gz',b'',0,0,0,0,0,0,good
GET,b'/',b'',0,0,0,0,0,0,good
GET,b'/?qSCD={HIDd}&wKkY=<>',b'',0,0,0,0,0,0,good
GET,b'/nkDHTxmMR18N2l9k',b'',0,0,0,0,0,0,good
GET,b'/',b'',0,0,0,0,0,0,good
GET,b'/TN6KMOM9',b'',0,0,0,0,0,0,good
GET,b'/sitemap.xml',b'',0,0,0,0,0,0,good
GET,b'/robots.txt',b'',0,0,0,0,0,0,good
GET,b'/xca88rsgtg2y.html',b'',0,0,0,0,0,0,good
GET,b'/xca88rsgtg2y.php',b'',0,0,0,0,0,0,good
GET,b'/xca88rsgtg2y.jsp',b'',0,0,0,0,0,0,good
GET,b'/xca88rsgtg2y',b'',0,0,0,0,0,0,good
GET,b'/sitemap.xml.gz',b'',0,0,0,0,0,0,good
GET,b'/',b'',0,0,0,0,0,0,good
GET,b'/nkDHTxmMR18N2l9k',b'',0,0,0,0,0,0,good
GET,b'/?qSCD={HIDd}&wKkY=<>',b'',0,0,0,0,0,0,good
GET,b'/TN6KMOM9',b'',0,0,0,0,0,0,good
GET,b'/',b'',0,0,0,0,0,0,good
GET,b'/hPwqsKIg',b'',0,0,0,0,0,0,good
GET,b'/',b'',0,0,0,0,0,0,good
GET,b'/robots.txt',b'',0,0,0,0,0,0,good
GET,b'/sitemap.xml',b'',0,0,0,0,0,0,good
GET,b'/0t5psgjhn194.php',b'',0,0,0,0,0,0,good
GET,b'/0t5psgjhn194.jsp',b'',0,0,0,0,0,0,good
GET,b'/0t5psgjhn194.html',b'',0,0,0,0,0,0,good
GET,b'/0t5psgjhn194',b'',0,0,0,0,0,0,good
GET,b'/content',b'',0,0,0,0,0,0,good
GET,b'/content',b'',0,0,0,0,0,0,good
GET,b'/sitemap.xml.gz',b'',0,0,0,0,0,0,good
GET,b'/',b'',0,0,0,0,0,0,good
GET,b'/nkDHTxmMR18N2l9k',b'',0,0,0,0,0,0,good
GET,b'/?qSCD={HIDd}&wKkY=<>',b'',0,0,0,0,0,0,good
GET,b'/TN6KMOM9',b'',0,0,0,0,0,0,good
GET,b'/',b'',0,0,0,0,0,0,good
GET,b'/hPwqsKIg',b'',0,0,0,0,0,0,good
GET,b'/duhtls001s0y',b'',0,0,0,0,0,0,good
GET,b'/robots.txt',b'',0,0,0,0,0,0,good
GET,b'/duhtls001s0y.php',b'',0,0,0,0,0,0,good
GET,b'/duhtls001s0y.jsp',b'',0,0,0,0,0,0,good
GET,b'/duhtls001s0y.html',b'',0,0,0,0,0,0,good
GET,b'/sitemap.xml',b'',0,0,0,0,0,0,good
GET,b'/googleresults.jsp',b'',0,0,0,0,0,0,good
GET,b'/sitemap.xml.gz',b'',0,0,0,0,0,0,good
GET,b'/results.jsp',b'',0,0,0,0,0,0,good
GET,b'/results-b.jsp',b'',0,0,0,0,0,0,good
GET,b'/ns-results.jsp',b'',0,0,0,0,0,0,good
GET,b'/w-results.jsp',b'',0,0,0,0,0,0,good
GET,b'/s-results.jsp',b'',0,0,0,0,0,0,good
GET,b'/results-travel.jsp',b'',0,0,0,0,0,0,good
GET,b'/results-medical.jsp',b'',0,0,0,0,0,0,good
GET,b'/tc-results.jsp',b'',0,0,0,0,0,0,good
GET,b'/m-results.jsp',b'',0,0,0,0,0,0,good
GET,b'/results-monster.jsp',b'',0,0,0,0,0,0,good
GET,b'/emailAdCampaign.jsp',b'',0,0,0,0,0,0,good
GET,b'/domainSearch.jsp',b'',0,0,0,0,0,0,good
GET,b'/results-b.jsp',b'',0,0,0,0,0,0,good
GET,b'/googleresults.jsp',b'',0,0,0,0,0,0,good
GET,b'/emailAdCampaign.jsp',b'',0,0,0,0,0,0,good
GET,b'/ns-results.jsp',b'',0,0,0,0,0,0,good
GET,b'/m-results.jsp',b'',0,0,0,0,0,0,good
GET,b'/results-travel.jsp',b'',0,0,0,0,0,0,good
GET,b'/results-medical.jsp',b'',0,0,0,0,0,0,good
GET,b'/results-monster.jsp',b'',0,0,0,0,0,0,good
GET,b'/s-results.jsp',b'',0,0,0,0,0,0,good
GET,b'/results.jsp',b'',0,0,0,0,0,0,good
GET,b'/styles/',b'',0,0,0,0,0,0,good
GET,b'/styles/jl8rpjial0mg',b'',0,0,0,0,0,0,good
GET,b'/styles/jl8rpjial0mg.php',b'',0,0,0,0,0,0,good
GET,b'/styles/jl8rpjial0mg.html',b'',0,0,0,0,0,0,good
GET,b'/styles/jl8rpjial0mg.jsp',b'',0,0,0,0,0,0,good
GET,b'/styles',b'',0,0,0,0,0,0,good
GET,b'/tc-results.jsp',b'',0,0,0,0,0,0,good
POST,b'/m-results.jsp',b'domainName=null&email=sample%40email.tst&firstName=MWkSWxHJ&lastName=MWkSWxHJ&phoneNumber=555-666-0606',0,0,0,0,0,0,good
GET,b'/m-results.jsp',b'',0,0,0,0,0,0,good
GET,b'/w-results.jsp',b'',0,0,0,0,0,0,good
GET,b'/',b'',0,0,0,0,0,0,good
GET,b'/TN6KMOM99PwqsKIg',b'',0,0,0,0,0,0,good
GET,b'/',b'',0,0,0,0,0,0,good
GET,b'/?vojN={WxHJ}&MWkS=<>',b'',0,0,0,0,0,0,good
GET,b'/',b'',0,0,0,0,0,0,good
GET,b'/Mj07uuH7',b'',0,0,0,0,0,0,good
GET,b'/UR65htlN',b'',0,0,0,0,0,0,good
GET,b'/sitemap.xml',b'',0,0,0,0,0,0,good
GET,b'/kkdf83n6nbmz.html',b'',0,0,0,0,0,0,good
GET,b'/kkdf83n6nbmz.php',b'',0,0,0,0,0,0,good
GET,b'/',b'',0,0,0,0,0,0,good
GET,b'/kkdf83n6nbmz',b'',0,0,0,0,0,0,good
GET,b'/kkdf83n6nbmz.jsp',b'',0,0,0,0,0,0,good
GET,b'/robots.txt',b'',0,0,0,0,0,0,good
GET,b'/sitemap.xml.gz',b'',0,0,0,0,0,0,good
GET,b'/',b'',0,0,0,0,0,0,good
GET,b'/TN6KMOM99PwqsKIg',b'',0,0,0,0,0,0,good
GET,b'/?vojN={WxHJ}&MWkS=<>',b'',0,0,0,0,0,0,good
GET,b'/',b'',0,0,0,0,0,0,good
GET,b'/Mj07uuH7',b'',0,0,0,0,0,0,good
GET,b'/',b'',0,0,0,0,0,0,good
GET,b'/UR65htlN',b'',0,0,0,0,0,0,good
GET,b'/m5u9rlrw0qvi.html',b'',0,0,0,0,0,0,good
GET,b'/m5u9rlrw0qvi.jsp',b'',0,0,0,0,0,0,good
GET,b'/sitemap.xml',b'',0,0,0,0,0,0,good
GET,b'/m5u9rlrw0qvi.php',b'',0,0,0,0,0,0,good
GET,b'/',b'',0,0,0,0,0,0,good
GET,b'/m5u9rlrw0qvi',b'',0,0,0,0,0,0,good
GET,b'/robots.txt',b'',0,0,0,0,0,0,good
GET,b'/sitemap.xml.gz',b'',0,0,0,0,0,0,good
GET,b'/',b'',0,0,0,0,0,0,good
GET,b'/?qSCD={HIDd}&wKkY=<>',b'',0,0,0,0,0,0,good
GET,b'/nkDHTxmMR18N2l9k',b'',0,0,0,0,0,0,good
GET,b'/TN6KMOM9',b'',0,0,0,0,0,0,good
GET,b'/',b'',0,0,0,0,0,0,good
GET,b'/hPwqsKIg',b'',0,0,0,0,0,0,good
GET,b'/robots.txt',b'',0,0,0,0,0,0,good
GET,b'/depss9n7d970.php',b'',0,0,0,0,0,0,good
GET,b'/depss9n7d970.html',b'',0,0,0,0,0,0,good
GET,b'/depss9n7d970.jsp',b'',0,0,0,0,0,0,good
GET,b'/depss9n7d970',b'',0,0,0,0,0,0,good
GET,b'/sitemap.xml',b'',0,0,0,0,0,0,good
GET,b'/sitemap.xml.gz',b'',0,0,0,0,0,0,good
GET,b'/',b'',0,0,0,0,0,0,good
GET,b'/nkDHTxmMR18N2l9k',b'',0,0,0,0,0,0,good
GET,b'/?qSCD={HIDd}&wKkY=<>',b'',0,0,0,0,0,0,good
GET,b'/TN6KMOM9',b'',0,0,0,0,0,0,good
GET,b'/',b'',0,0,0,0,0,0,good
GET,b'/hPwqsKIg',b'',0,0,0,0,0,0,good
GET,b'/23nkzpqyktk0.php',b'',0,0,0,0,0,0,good
GET,b'/sitemap.xml',b'',0,0,0,0,0,0,good
GET,b'/robots.txt',b'',0,0,0,0,0,0,good
GET,b'/23nkzpqyktk0.html',b'',0,0,0,0,0,0,good
GET,b'/23nkzpqyktk0',b'',0,0,0,0,0,0,good
GET,b'/',b'',0,0,0,0,0,0,good
GET,b'/23nkzpqyktk0.jsp',b'',0,0,0,0,0,0,good
GET,b'/sitemap.xml.gz',b'',0,0,0,0,0,0,good
GET,b'/',b'',0,0,0,0,0,0,good
GET,b'/TN6KMOM99PwqsKIg',b'',0,0,0,0,0,0,good
GET,b'/',b'',0,0,0,0,0,0,good
GET,b'/nkDHTxmMR18N2l9k',b'',0,0,0,0,0,0,good
GET,b'/?qSCD={HIDd}&wKkY=<>',b'',0,0,0,0,0,0,good
GET,b'/',b'',0,0,0,0,0,0,good
GET,b'/TN6KMOM9',b'',0,0,0,0,0,0,good
GET,b'/hPwqsKIg',b'',0,0,0,0,0,0,good
GET,b'/robots.txt',b'',0,0,0,0,0,0,good
GET,b'/sitemap.xml',b'',0,0,0,0,0,0,good
GET,b'/xlw0q4rz79wi',b'',0,0,0,0,0,0,good
GET,b'/xlw0q4rz79wi.jsp',b'',0,0,0,0,0,0,good
GET,b'/xlw0q4rz79wi.php',b'',0,0,0,0,0,0,good
GET,b'/xlw0q4rz79wi.html',b'',0,0,0,0,0,0,good
GET,b'/sitemap.xml.gz',b'',0,0,0,0,0,0,good
GET,b'/sitemap.xml',b'',0,0,0,0,0,0,good
GET,b'/sitemap.xml.gz',b'',0,0,0,0,0,0,good
GET,b'/',b'',0,0,0,0,0,0,good
GET,b'/',b'',0,0,0,0,0,0,good
GET,b'/?vojN={WxHJ}&MWkS=<>',b'',0,0,0,0,0,0,good
GET,b'/TN6KMOM99PwqsKIg',b'',0,0,0,0,0,0,good
GET,b'/Mj07uuH7',b'',0,0,0,0,0,0,good
GET,b'/',b'',0,0,0,0,0,0,good
GET,b'/UR65htlN',b'',0,0,0,0,0,0,good
GET,b'/robots.txt',b'',0,0,0,0,0,0,good
GET,b'/5soju4gd8m0j',b'',0,0,0,0,0,0,good
GET,b'/5soju4gd8m0j.html',b'',0,0,0,0,0,0,good
GET,b'/5soju4gd8m0j.php',b'',0,0,0,0,0,0,good
GET,b'/',b'',0,0,0,0,0,0,good
GET,b'/sitemap.xml',b'',0,0,0,0,0,0,good
GET,b'/5soju4gd8m0j.jsp',b'',0,0,0,0,0,0,good
GET,b'/sitemap.xml.gz',b'',0,0,0,0,0,0,good
GET,b'/',b'',0,0,0,0,0,0,good
GET,b'/',b'',0,0,0,0,0,0,good
GET,b'/efWb5YMLJjWzVxlf',b'',0,0,0,0,0,0,good
GET,b'/?vDSS={KsNb}&uFPK=<>',b'',0,0,0,0,0,0,good
GET,b'/',b'',0,0,0,0,0,0,good
GET,b'/TN6KMOM9',b'',0,0,0,0,0,0,good
GET,b'/hPwqsKIg',b'',0,0,0,0,0,0,good
GET,b'/mpntioqr0b9i.html',b'',0,0,0,0,0,0,good
GET,b'/sitemap.xml',b'',0,0,0,0,0,0,good
GET,b'/robots.txt',b'',0,0,0,0,0,0,good
GET,b'/mpntioqr0b9i.jsp',b'',0,0,0,0,0,0,good
GET,b'/mpntioqr0b9i',b'',0,0,0,0,0,0,good
GET,b'/mpntioqr0b9i.php',b'',0,0,0,0,0,0,good
GET,b'/sitemap.xml.gz',b'',0,0,0,0,0,0,good
GET,b'/sitemap.xml',b'',0,0,0,0,0,0,good
GET,b'/',b'',0,0,0,0,0,0,good
GET,b'/nkDHTxmMR18N2l9k',b'',0,0,0,0,0,0,good
GET,b'/?qSCD={HIDd}&wKkY=<>',b'',0,0,0,0,0,0,good
GET,b'/TN6KMOM9',b'',0,0,0,0,0,0,good
GET,b'/',b'',0,0,0,0,0,0,good
GET,b'/hPwqsKIg',b'',0,0,0,0,0,0,good
GET,b'/sitemap.xml',b'',0,0,0,0,0,0,good
GET,b'/',b'',0,0,0,0,0,0,good
GET,b'/robots.txt',b'',0,0,0,0,0,0,good
GET,b'/cx2gbbinaudr.php',b'',0,0,0,0,0,0,good
GET,b'/cx2gbbinaudr.jsp',b'',0,0,0,0,0,0,good
GET,b'/cx2gbbinaudr.html',b'',0,0,0,0,0,0,good
GET,b'/cx2gbbinaudr',b'',0,0,0,0,0,0,good
GET,b'/sitemap.xml.gz',b'',0,0,0,0,0,0,good
GET,b'/sitemap.xml.gz',b'',0,0,0,0,0,0,good
GET,b'/sitemap.xml',b'',0,0,0,0,0,0,good
GET,b'/',b'',0,0,0,0,0,0,good
GET,b'/',b'',0,0,0,0,0,0,good
GET,b'/TN6KMOM99PwqsKIg',b'',0,0,0,0,0,0,good
GET,b'/?vojN={WxHJ}&MWkS=<>',b'',0,0,0,0,0,0,good
GET,b'/Mj07uuH7',b'',0,0,0,0,0,0,good
GET,b'/',b'',0,0,0,0,0,0,good
GET,b'/sitemap.xml',b'',0,0,0,0,0,0,good
GET,b'/nk2ka7ecgagl.html',b'',0,0,0,0,0,0,good
GET,b'/nk2ka7ecgagl.jsp',b'',0,0,0,0,0,0,good
GET,b'/nk2ka7ecgagl.php',b'',0,0,0,0,0,0,good
GET,b'/nk2ka7ecgagl',b'',0,0,0,0,0,0,good
GET,b'/',b'',0,0,0,0,0,0,good
GET,b'/robots.txt',b'',0,0,0,0,0,0,good
GET,b'/',b'',0,0,0,0,0,0,good
GET,b'/sitemap.xml.gz',b'',0,0,0,0,0,0,good
GET,b'/internships',b'',0,0,0,0,0,0,good
GET,b'/internship/bux2n7htppbp.jsp',b'',0,0,0,0,0,0,good
GET,b'/internships/bigbrand-true',b'',0,0,0,0,0,0,good
GET,b'/internship/detail/',b'',0,0,0,0,0,0,good
GET,b'/internship/detail/r8kldh3rapo3',b'',0,0,0,0,0,0,good
GET,b'/internships/5pars9kdyj00.jsp',b'',0,0,0,0,0,0,good
GET,b'/internship',b'',0,0,0,0,0,0,good
GET,b'/internships/5pars9kdyj00',b'',0,0,0,0,0,0,good
GET,b'/internships/',b'',0,0,0,0,0,0,good
GET,b'/internships/5pars9kdyj00.php',b'',0,0,0,0,0,0,good
GET,b'/internship/detail',b'',0,0,0,0,0,0,good
GET,b'/internship/bux2n7htppbp.html',b'',0,0,0,0,0,0,good
GET,b'/internship/bux2n7htppbp',b'',0,0,0,0,0,0,good
GET,b'/internship/bux2n7htppbp.php',b'',0,0,0,0,0,0,good
GET,b'/internship/',b'',0,0,0,0,0,0,good
GET,b'/internships/5pars9kdyj00.html',b'',0,0,0,0,0,0,good
GET,b'/internship/detail/r8kldh3rapo3.php',b'',0,0,0,0,0,0,good
GET,b'/internship/detail/r8kldh3rapo3.html',b'',0,0,0,0,0,0,good
GET,b'/internship/detail/ai-editorial-internship-in-noida-at-times-internet1700486393',b'',0,0,0,0,0,0,good
GET,b'/internship/detail/r8kldh3rapo3.jsp',b'',0,0,0,0,0,0,good
POST,b'/',b'csrf_test_name=55eb1ef1ac5c848e71fcbc2b040011f5&email=sample%40email.tst&password=g00dPa%24%24w0rD',0,0,0,0,0,0,good
GET,b'/static',b'',0,0,0,0,0,0,good
GET,b'/static/fnywcdooy0wr.jsp',b'',0,0,0,0,0,0,good
GET,b'/static/',b'',0,0,0,0,0,0,good
GET,b'/static/fnywcdooy0wr',b'',0,0,0,0,0,0,good
GET,b'/static/fnywcdooy0wr.html',b'',0,0,0,0,0,0,good
GET,b'/static/fnywcdooy0wr.php',b'',0,0,0,0,0,0,good
GET,b'/static/css/',b'',0,0,0,0,0,0,good
GET,b'/static/css/v4vuubvufnrj.php',b'',0,0,0,0,0,0,good
GET,b'/static/css/v4vuubvufnrj.jsp',b'',0,0,0,0,0,0,good
GET,b'/static/css/v4vuubvufnrj.html',b'',0,0,0,0,0,0,good
GET,b'/static/css',b'',0,0,0,0,0,0,good
GET,b'/static/css/v4vuubvufnrj',b'',0,0,0,0,0,0,good
GET,b'/jobs/',b'',0,0,0,0,0,0,good
GET,b'/internships/',b'',0,0,0,0,0,0,good
GET,b'/jobs',b'',0,0,0,0,0,0,good
GET,b'/static/js/h5ube2f3rxbz.php',b'',0,0,0,0,0,0,good
GET,b'/static/js/h5ube2f3rxbz',b'',0,0,0,0,0,0,good
GET,b'/jobs/0pngzrejvokm',b'',0,0,0,0,0,0,good
GET,b'/jobs/0pngzrejvokm.jsp',b'',0,0,0,0,0,0,good
GET,b'/static/js/h5ube2f3rxbz.html',b'',0,0,0,0,0,0,good
GET,b'/jobs/0pngzrejvokm.html',b'',0,0,0,0,0,0,good
GET,b'/static/js/h5ube2f3rxbz.jsp',b'',0,0,0,0,0,0,good
GET,b'/static/js/',b'',0,0,0,0,0,0,good
GET,b'/jobs/0pngzrejvokm.php',b'',0,0,0,0,0,0,good
GET,b'/static/js',b'',0,0,0,0,0,0,good
GET,b'/jobs/?utm_medium=homepage&utm_source=banner',b'',0,0,0,0,0,0,good
GET,b'/static/css/build/homepage',b'',0,0,0,0,0,0,good
GET,b'/static/css/build/xa4ldkrueit1',b'',0,0,0,0,0,0,good
GET,b'/static/css/build/xa4ldkrueit1.php',b'',0,0,0,0,0,0,good
GET,b'/static/css/build/xa4ldkrueit1.jsp',b'',0,0,0,0,0,0,good
GET,b'/static/css/build/homepage/2hl9u7gsbybe',b'',0,0,0,0,0,0,good
GET,b'/static/css/build/homepage/',b'',0,0,0,0,0,0,good
GET,b'/static/css/build',b'',0,0,0,0,0,0,good
GET,b'/static/css/build/homepage/2hl9u7gsbybe.jsp',b'',0,0,0,0,0,0,good
GET,b'/static/css/build/homepage/2hl9u7gsbybe.php',b'',0,0,0,0,0,0,good
GET,b'/static/css/build/',b'',0,0,0,0,0,0,good
GET,b'/static/css/build/homepage/2hl9u7gsbybe.html',b'',0,0,0,0,0,0,good
GET,b'/static/css/build/xa4ldkrueit1.html',b'',0,0,0,0,0,0,good
GET,b'/static/js/includes',b'',0,0,0,0,0,0,good
GET,b'/static/js/includes/knedye1szezb.html',b'',0,0,0,0,0,0,good
GET,b'/static/js/includes/knedye1szezb',b'',0,0,0,0,0,0,good
GET,b'/static/js/includes/',b'',0,0,0,0,0,0,good
GET,b'/static/js/includes/knedye1szezb.php',b'',0,0,0,0,0,0,good
GET,b'/static/js/includes/knedye1szezb.jsp',b'',0,0,0,0,0,0,good
GET,b'/static/js/includes/common/pwkutd7po4nm.php',b'',0,0,0,0,0,0,good
GET,b'/static/js/includes/common/pwkutd7po4nm',b'',0,0,0,0,0,0,good
GET,b'/static/js/includes/common/pwkutd7po4nm.jsp',b'',0,0,0,0,0,0,good
GET,b'/static/js/includes/common/',b'',0,0,0,0,0,0,good
GET,b'/static/js/includes/common/pwkutd7po4nm.html',b'',0,0,0,0,0,0,good
GET,b'/static/js/includes/common',b'',0,0,0,0,0,0,good
GET,b'/static/js/includes/common/libraries.2583691470.js',b'',0,0,0,0,0,0,good
POST,b'/internships/bigbrand-true',b'city_sidebar=mumbai&early_applicant=on&fast_response=on&internships_for_women=on&part_time=on&ppo=on&select_category=engineering&select_duration=1&start_date=1&work_from_home=on',0,0,0,0,0,2,good
GET,b'/hire-talent',b'',0,0,0,0,0,0,good
GET,b'/internships/work-from-home-internships/',b'',0,0,0,0,0,0,good
POST,b'/internship/detail/ai-editorial-internship-in-noida-at-times-internet1700486393',b'csrf_test_name=8f2d04994d0538da0116d4893351cb64&email=sample%40email.tst&first_name=UHOdllxh&last_name=UHOdllxh&password=g00dPa%24%24w0rD&utm_campaign=1&utm_medium=1&utm_source=1',0,0,0,0,0,0,good
POST,b'/internships/bigbrand-true',b'city_sidebar=mumbai&early_applicant=on&fast_response=on&internships_for_women=on&part_time=on&ppo=on&select_category=mba&select_duration=1&start_date=1&work_from_home=on',0,0,0,0,0,2,good
GET,b'/login/j3okb1t29djt.php',b'',0,0,0,0,0,0,good
GET,b'/login/get_google?utm_campaign=&utm_medium=&utm_source=',b'',0,0,0,0,0,0,good
GET,b'/login/j3okb1t29djt.jsp',b'',0,0,0,0,0,0,good
GET,b'/login/j3okb1t29djt',b'',0,0,0,0,0,0,good
GET,b'/login/',b'',0,0,0,0,0,0,good
GET,b'/login',b'',0,0,0,0,0,0,good
GET,b'/login/j3okb1t29djt.html',b'',0,0,0,0,0,0,good
POST,b'/hire-talent',b'country_code=%2B91&csrf_test_name=cd2b3874564163fda6abf0514894332b&email=sample%40email.tst&first_name=UHOdllxh&last_name=UHOdllxh&password=g00dPa%24%24w0rD&phone_primary=555-666-0606&source=internshala&source_url=hire-talent&utm_campaign=1&utm_medium=1&utm_source=1',0,0,0,0,0,0,good
GET,b'/internships/part-time-jobs/',b'',0,0,0,0,0,0,good
GET,b'/jobs/',b'',0,0,0,0,0,0,good
POST,b'/jobs/?utm_medium=homepage&utm_source=banner',b'city_sidebar=bangalore&internship_checkbox=on&part_time=on&remote_job=on&select_category=engineering&select_experience=fresher',0,0,0,0,0,2,good
GET,b'/student/txhsnxxnnnl2',b'',0,0,0,0,0,0,good
GET,b'/student/',b'',0,0,0,0,0,0,good
GET,b'/student/txhsnxxnnnl2.jsp',b'',0,0,0,0,0,0,good
GET,b'/student/txhsnxxnnnl2.html',b'',0,0,0,0,0,0,good
GET,b'/student',b'',0,0,0,0,0,0,good
GET,b'/student/txhsnxxnnnl2.php',b'',0,0,0,0,0,0,good
GET,b'/student/resume',b'',0,0,0,0,0,0,good
POST,b'/jobs/?utm_medium=homepage&utm_source=banner',b'internship_checkbox=on&&remote_job=on&salary_filter_mobile=2&select_experience=fresher',0,0,0,0,0,1,good
GET,b'/internship/detail/customer-success-internship-in-bangalore-at-cleartax1700543950',b'',0,0,0,0,0,0,good
GET,b'/internships/bigbrand-true',b'',0,0,0,0,0,0,good
GET,b'/login/get_google',b'',0,0,0,0,0,0,good
GET,b'/fresher-jobs/',b'',0,0,0,0,0,0,good
GET,b'/login/get_google/',b'',0,0,0,0,0,0,good
GET,b'/login/get_google/uc3b2vaheqwr.jsp',b'',0,0,0,0,0,0,good
GET,b'/login/get_google/uc3b2vaheqwr.html',b'',0,0,0,0,0,0,good
GET,b'/login/get_google',b'',0,0,0,0,0,0,good
GET,b'/login/get_google/uc3b2vaheqwr.php',b'',0,0,0,0,0,0,good
GET,b'/login/get_google/uc3b2vaheqwr',b'',0,0,0,0,0,0,good
GET,b'/internship/detail/ai-editorial-internship-in-noida-at-times-internet1700486393',b'',0,0,0,0,0,0,good
GET,b'/login/get_google/student/',b'',0,0,0,0,0,0,good
GET,b'/login/get_google/student/6ro58s3422yp.jsp',b'',0,0,0,0,0,0,good
GET,b'/login/get_google/student/6ro58s3422yp',b'',0,0,0,0,0,0,good
GET,b'/login/get_google/student/6ro58s3422yp.php',b'',0,0,0,0,0,0,good
GET,b'/login/get_google/student',b'',0,0,0,0,0,0,good
GET,b'/login/get_google/student/6ro58s3422yp.html',b'',0,0,0,0,0,0,good
GET,b'/login/get_google/student/student/25xh0ngb6j19.php',b'',0,0,0,0,0,0,good
GET,b'/login/get_google/student/student',b'',0,0,0,0,0,0,good
GET,b'/login/get_google/student/student/',b'',0,0,0,0,0,0,good
GET,b'/login/get_google/student/student/resume?source=',b'',0,0,0,0,0,0,good
GET,b'/login/get_google/student/student/25xh0ngb6j19',b'',0,0,0,0,0,0,good
GET,b'/login/get_google/student/student/25xh0ngb6j19.html',b'',0,0,0,0,0,0,good
GET,b'/login/get_google/student/student/25xh0ngb6j19.jsp',b'',0,0,0,0,0,0,good
GET,b'/jobs/work-from-home/',b'',0,0,0,0,0,0,good
GET,b'/internship/detail/campus-ambassador-programme-at-filesure-india-private-limited1700456371',b'',0,0,0,0,0,0,good
POST,b'/internships/bigbrand-true',b'early_applicant=on&fast_response=on&internships_for_women=on&&ppo=on&select_duration=1&start_date=1&stipend_filter_mobile=2000&work_from_home=on',0,0,0,0,0,1,good
GET,b'/',b'',0,0,0,0,0,0,good
GET,b'/static/css/registration/9rz8nzhxtb9o.html',b'',0,0,0,0,0,0,good
GET,b'/static/css/registration',b'',0,0,0,0,0,0,good
GET,b'/static/css/registration/',b'',0,0,0,0,0,0,good
GET,b'/static/css/registration/9rz8nzhxtb9o',b'',0,0,0,0,0,0,good
GET,b'/static/css/registration/9rz8nzhxtb9o.jsp',b'',0,0,0,0,0,0,good
GET,b'/static/css/registration/9rz8nzhxtb9o.php',b'',0,0,0,0,0,0,good
GET,b'/jobs/part-time-jobs/',b'',0,0,0,0,0,0,good
GET,b'/static/css/registration/employer/49s5huikp601',b'',0,0,0,0,0,0,good
GET,b'/static/css/registration/employer/49s5huikp601.php',b'',0,0,0,0,0,0,good
GET,b'/static/css/registration/employer/',b'',0,0,0,0,0,0,good
GET,b'/static/css/registration/employer/49s5huikp601.html',b'',0,0,0,0,0,0,good
GET,b'/static/css/registration/employer',b'',0,0,0,0,0,0,good
GET,b'/static/css/registration/employer/49s5huikp601.jsp',b'',0,0,0,0,0,0,good
GET,b'/internship/detail/new-client-aquisition-key-accounts-management-internship-in-navi-mumbai-panvel-at-pepperfry-limited1699699652',b'',0,0,0,0,0,0,good
GET,b'/static/css/registration/employer/registration_new/eir5i1jo3zs8.jsp',b'',0,0,0,0,0,0,good
GET,b'/static/css/registration/employer/registration_new/',b'',0,0,0,0,0,0,good
GET,b'/static/css/registration/employer/registration_new/eir5i1jo3zs8.php',b'',0,0,0,0,0,0,good
GET,b'/static/css/registration/employer/registration_new',b'',0,0,0,0,0,0,good
GET,b'/static/css/registration/employer/registration_new/eir5i1jo3zs8.html',b'',0,0,0,0,0,0,good
GET,b'/static/css/registration/employer/registration_new/eir5i1jo3zs8',b'',0,0,0,0,0,0,good
GET,b'/?utm_source=bottom_navigaton',b'',0,0,0,0,0,0,good
POST,b'/student/resume',b'csrf_test_name=f475974f704e90f0c768b45fef197e96&email=sample%40email.tst&password=g00dPa%24%24w0rD&source=1',0,0,0,0,0,0,good
GET,b'/jobs',b'',0,0,0,0,0,0,good
GET,b'/internship/detail/customer-success-internship-in-bangalore-at-cleartax1700129342',b'',0,0,0,0,0,0,good
GET,b'/employer/ko0scgcieuvf.jsp',b'',0,0,0,0,0,0,good
GET,b'/employer',b'',0,0,0,0,0,0,good
GET,b'/employer/ko0scgcieuvf.html',b'',0,0,0,0,0,0,good
GET,b'/employer/',b'',0,0,0,0,0,0,good
GET,b'/employer/ko0scgcieuvf.php',b'',0,0,0,0,0,0,good
GET,b'/employer/ko0scgcieuvf',b'',0,0,0,0,0,0,good
GET,b'/employer/help_center_faq/9f8ivteqy422',b'',0,0,0,0,0,0,good
GET,b'/employer/help_center_faq/',b'',0,0,0,0,0,0,good
GET,b'/employer/help_center_faq/9f8ivteqy422.php',b'',0,0,0,0,0,0,good
GET,b'/employer/help_center_faq',b'',0,0,0,0,0,0,good
GET,b'/employer/help_center_faq/9f8ivteqy422.html',b'',0,0,0,0,0,0,good
GET,b'/employer/help_center_faq/9f8ivteqy422.jsp',b'',0,0,0,0,0,0,good
GET,b'/employer/help_center_faq/16',b'',0,0,0,0,0,0,good
GET,b'/fresher-jobs',b'',0,0,0,0,0,0,good
GET,b'/fresher-jobs/kio1uiojaip4.html',b'',0,0,0,0,0,0,good
GET,b'/fresher-jobs/kio1uiojaip4.jsp',b'',0,0,0,0,0,0,good
GET,b'/fresher-jobs/kio1uiojaip4',b'',0,0,0,0,0,0,good
GET,b'/fresher-jobs/kio1uiojaip4.php',b'',0,0,0,0,0,0,good
GET,b'/fresher-jobs/',b'',0,0,0,0,0,0,good
GET,b'/job/detail/field-sales-executive-fresher-jobs-in-multiple-locations-at-khasbook1699641900',b'',0,0,0,0,0,0,good
GET,b'/internship/detail/creative-writing-work-from-home-job-internship-at-marpu-foundation1700480900',b'',0,0,0,0,0,0,good
GET,b'/internship/detail/copywriting-work-from-home-job-internship-at-marpu-foundation1700480914',b'',0,0,0,0,0,0,good
GET,b'/fresher-jobs/computer-science-jobs/cffkovffc6l5.jsp',b'',0,0,0,0,0,0,good
GET,b'/fresher-jobs/computer-science-jobs/',b'',0,0,0,0,0,0,good
GET,b'/fresher-jobs/computer-science-jobs/cffkovffc6l5.php',b'',0,0,0,0,0,0,good
GET,b'/fresher-jobs/computer-science-jobs',b'',0,0,0,0,0,0,good
GET,b'/fresher-jobs/computer-science-jobs/cffkovffc6l5.html',b'',0,0,0,0,0,0,good
GET,b'/fresher-jobs/computer-science-jobs/cffkovffc6l5',b'',0,0,0,0,0,0,good
GET,b'/fresher-jobs/computer-science-jobs/work-from-home/k8iewfzirgpy',b'',0,0,0,0,0,0,good
GET,b'/fresher-jobs/computer-science-jobs/work-from-home/k8iewfzirgpy.php',b'',0,0,0,0,0,0,good
GET,b'/fresher-jobs/computer-science-jobs/work-from-home/k8iewfzirgpy.html',b'',0,0,0,0,0,0,good
GET,b'/fresher-jobs/computer-science-jobs/work-from-home',b'',0,0,0,0,0,0,good
GET,b'/fresher-jobs/computer-science-jobs/work-from-home/',b'',0,0,0,0,0,0,good
GET,b'/fresher-jobs/computer-science-jobs/work-from-home/k8iewfzirgpy.jsp',b'',0,0,0,0,0,0,good
GET,b'/fresher-jobs/computer-science-jobs/work-from-home/',b'',0,0,0,0,0,0,good
GET,b'/job/detail/remote-telesales-executive-fresher-jobs-at-xoom-digital1699342955',b'',0,0,0,0,0,0,good
POST,b'/employer/help_center_faq/16',"b'------------bZ98P6t7Cq5T\r\nContent-Disposition: form-data; name=""attachments[]""; filename=""file.txt""\r\nContent-Type: text/plain\r\n\r\n\r\n------------bZ98P6t7Cq5T\r\nContent-Disposition: form-data; name=""csrf_test_name""\r\n\r\n70426701fe397533b27989392d42f1bb\r\n------------bZ98P6t7Cq5T\r\nContent-Disposition: form-data; name=""email""\r\n\r\nsample@email.tst\r\n------------bZ98P6t7Cq5T\r\nContent-Disposition: form-data; name=""name""\r\n\r\nUHOdllxh\r\n------------bZ98P6t7Cq5T\r\nContent-Disposition: form-data; name=""query_data""\r\n\r\n01/01/1967\r\n------------bZ98P6t7Cq5T\r\nContent-Disposition: form-data; name=""query_subject""\r\n\r\n13\r\n------------bZ98P6t7Cq5T\r\nContent-Disposition: form-data; name=""user_type""\r\n\r\nemployer\r\n------------bZ98P6t7Cq5T--'",0,16,49,0,16,0,good
GET,b'/internship/detail/content-writing-work-from-home-job-internship-at-marpu-foundation1700481062',b'',0,0,0,0,0,0,good
POST,b'/employer/help_center_faq/16',"b'------------kyyTZ9KGq1xx\r\nContent-Disposition: form-data; name=""attachments[]""; filename=""file.txt""\r\nContent-Type: text/plain\r\n\r\n\r\n------------kyyTZ9KGq1xx\r\nContent-Disposition: form-data; name=""csrf_test_name""\r\n\r\n70426701fe397533b27989392d42f1bb\r\n------------kyyTZ9KGq1xx\r\nContent-Disposition: form-data; name=""email""\r\n\r\nsample@email.tst\r\n------------kyyTZ9KGq1xx\r\nContent-Disposition: form-data; name=""name""\r\n\r\nUHOdllxh\r\n------------kyyTZ9KGq1xx\r\nContent-Disposition: form-data; name=""query_data""\r\n\r\n01/01/1967\r\n------------kyyTZ9KGq1xx\r\nContent-Disposition: form-data; name=""query_subject""\r\n\r\n14\r\n------------kyyTZ9KGq1xx\r\nContent-Disposition: form-data; name=""user_type""\r\n\r\nemployer\r\n------------kyyTZ9KGq1xx--'",0,16,49,0,16,0,good
GET,b'/job/detail/ielts-pte-spoken-english-trainer-fresher-jobs-in-delhi-at-depioneer-education-overseas1699440323',b'',0,0,0,0,0,0,good
GET,b'/internships/',b'',0,0,0,0,0,0,good
POST,b'/jobs/?utm_medium=homepage&utm_source=banner',b'city_sidebar=delhi&internship_checkbox=on&part_time=on&remote_job=on&select_category=engineering&select_experience=fresher',0,0,0,0,0,2,good
GET,b'/internship/detail/content-development-english-work-from-home-job-internship-at-marpu-foundation1700480906',b'',0,0,0,0,0,0,good
GET,b'/',b'',0,0,0,0,0,0,good
GET,b'/job/detail/media-buying-executive-fresher-jobs-in-gurgaon-at-purple-thinkers1700470815',b'',0,0,0,0,0,0,good
GET,b'/student/resume',b'',0,0,0,0,0,0,good
GET,b'/internship/detail/blogging-work-from-home-job-internship-at-marpu-foundation1700480891',b'',0,0,0,0,0,0,good
GET,b'/internship/detail/java-development-work-from-home-job-internship-at-sunbasedata1697535606',b'',0,0,0,0,0,0,good
POST,b'/internships/',b'early_applicant=on&fast_response=on&internships_for_women=on&&ppo=on&select_duration=1&start_date=1&stipend_filter_mobile=2000&work_from_home=on',0,0,0,0,0,1,good
GET,b'/job/detail/fashion-designer-fresher-jobs-in-mumbai-at-valkyre-clothing1700147184',b'',0,0,0,0,0,0,good
GET,b'/jobs/',b'',0,0,0,0,0,0,good
GET,b'/internship/detail/fundraising-work-from-home-job-internship-at-marpu-foundation1700389166',b'',0,0,0,0,0,0,good
GET,b'/internship/detail/marketing-male-candidates-preferred-internship-in-bangalore-at-entuple-technologies-private-limited1700480387',b'',0,0,0,0,0,0,good
GET,b'/registration/q4yuoehxkrc1.php',b'',0,0,0,0,0,0,good
GET,b'/registration',b'',0,0,0,0,0,0,good
GET,b'/registration/',b'',0,0,0,0,0,0,good
GET,b'/registration/q4yuoehxkrc1.jsp',b'',0,0,0,0,0,0,good
GET,b'/registration/q4yuoehxkrc1',b'',0,0,0,0,0,0,good
GET,b'/registration/q4yuoehxkrc1.html',b'',0,0,0,0,0,0,good
GET,b'/job/detail/corporate-sales-executive-fresher-jobs-in-mumbai-at-kompass-india-information-private-limited1698913529',b'',0,0,0,0,0,0,good
GET,b'/registration/student',b'',0,0,0,0,0,0,good
GET,b'/internship/detail/teaching-students-of-aviation-airport-management-internship-in-berhampura-at-presidency-college1700280913',b'',0,0,0,0,0,0,good
GET,b'/internship/detail/virtual-volunteering-work-from-home-job-internship-at-inamigos-foundation1700453206',b'',0,0,0,0,0,0,good
GET,b'/job/detail/remote-video-editor-graphic-designer-fresher-jobs-at-brilliance-academy1700547706',b'',0,0,0,0,0,0,good
GET,b'/internship/detail/sales-lead-generation-work-from-home-job-internship-at-nobroker-technologies-solutions-private-limited1700156085',b'',0,0,0,0,0,0,good
POST,b'/registration/student',b'csrf_test_name=2e97e5c7be9190420f3251e358cb9e66&email=sample%40email.tst&first_name=UHOdllxh&last_name=UHOdllxh&password=g00dPa%24%24w0rD&utm_campaign=1&utm_medium=homepage&utm_source=bottom_navigaton',0,0,0,0,0,0,good
GET,b'/internship/detail/fundraising-work-from-home-job-internship-at-tare-zameen-foundation1700540049',b'',0,0,0,0,0,0,good
GET,b'/job/detail/business-development-executive-fresher-jobs-in-kozhikode-at-physics-wallah1700464489',b'',0,0,0,0,0,0,good
GET,b'/internship/detail/recruitment-part-time-job-internship-at-gurgaon-in-lenskart1700492653',b'',0,0,0,0,0,0,good
GET,b'/about_us',b'',0,0,0,0,0,0,good
GET,b'/internship/detail/finance-work-from-home-job-internship-at-goaler-web-solutions1700543330',b'',0,0,0,0,0,0,good
GET,b'/job/detail/inside-sales-manager-fresher-jobs-in-bangalore-at-cleartax1700221670',b'',0,0,0,0,0,0,good
GET,b'/internship/detail/human-resources-hr-internship-in-noida-at-snva-ventures1700552524',b'',0,0,0,0,0,0,good
GET,b'/ddos/f06x8stqcnqs.php',b'',0,0,0,0,0,0,good
GET,b'/ddos',b'',0,0,0,0,0,0,good
GET,b'/ddos/f06x8stqcnqs.html',b'',0,0,0,0,0,0,good
GET,b'/ddos/f06x8stqcnqs.jsp',b'',0,0,0,0,0,0,good
GET,b'/ddos/f06x8stqcnqs',b'',0,0,0,0,0,0,good
GET,b'/ddos/',b'',0,0,0,0,0,0,good
GET,b'/internship/detail/stock-market-management-work-from-home-job-internship-at-growthclues1700461065',b'',0,0,0,0,0,0,good
GET,b'/job/detail/senior-tax-expert-semi-ca-fresher-jobs-in-delhi-bangalore-at-cleartax1700222762',b'',0,0,0,0,0,0,good
GET,b'/internship/detail/stock-market-research-work-from-home-job-internship-at-goaler-web-solutions1700459421',b'',0,0,0,0,0,0,good
GET,b'/internship/detail/business-development-internship-in-delhi-at-urban-company1700492432',b'',0,0,0,0,0,0,good
GET,b'/job/detail/domain-specialist-company-secretary-fresher-jobs-in-bangalore-at-cleartax1700221412',b'',0,0,0,0,0,0,good
GET,b'/ddos/index/35rve1q02dyz',b'',0,0,0,0,0,0,good
GET,b'/ddos/index',b'',0,0,0,0,0,0,good
GET,b'/ddos/index/35rve1q02dyz.php',b'',0,0,0,0,0,0,good
GET,b'/ddos/index/35rve1q02dyz.html',b'',0,0,0,0,0,0,good
GET,b'/ddos/index/',b'',0,0,0,0,0,0,good
GET,b'/ddos/index/35rve1q02dyz.jsp',b'',0,0,0,0,0,0,good
GET,b'/internship/detail/field-sales-pan-india-internship-at-swiggy1695106880',b'',0,0,0,0,0,0,good
GET,b'/internship/detail/consumer-insights-internship-in-mumbai-at-viacom-18-media-private-limited1699532265',b'',0,0,0,0,0,0,good
GET,b'/job/detail/business-development-executive-fresher-jobs-in-kozhikode-at-physics-wallah1700299968',b'',0,0,0,0,0,0,good
GET,b'/ddos/index/',b'',0,0,0,0,0,0,good
GET,b'/internship/detail/human-resources-hr-work-from-home-job-internship-at-fitness-20201699174151',b'',0,0,0,0,0,0,good
GET,b'/internship/detail/human-resources-hr-internship-in-noida-at-fcs-software-solutions-limited1700550937',b'',0,0,0,0,0,0,good
GET,b'/job/detail/customer-success-manager-fresher-jobs-in-bangalore-at-cleartax1700221900',b'',0,0,0,0,0,0,good
GET,b'/careers',b'',0,0,0,0,0,0,good
GET,b'/internship/detail/social-entrepreneurship-work-from-home-job-internship-at-hamari-pahchan-ngo1700470661',b'',0,0,0,0,0,0,good
GET,b'/internship/detail/us-it-recruitment-work-from-home-job-internship-at-techolution1700549387',b'',0,0,0,0,0,0,good
GET,b'/job/detail/sales-associate-fresher-jobs-in-gurgaon-at-policybazaarcom1700110957',b'',0,0,0,0,0,0,good
GET,b'/internship/detail/content-writing-work-from-home-job-internship-at-cashify1700490695',b'',0,0,0,0,0,0,good
GET,b'/job/detail/data-analyst-fresher-jobs-in-mumbai-at-medianet1699865990',b'',0,0,0,0,0,0,good
GET,b'/internship/detail/design-work-from-home-job-internship-at-angelone1700243846',b'',0,0,0,0,0,0,good
GET,b'/job/detail/copywriter-creative-strategist-fresher-jobs-in-mumbai-at-hansa-cequity1699438012',b'',0,0,0,0,0,0,good
GET,b'/internship/detail/corporate-sales-internship-in-multiple-locations-at-insider1700320283',b'',0,0,0,0,0,0,good
GET,b'/job/detail/html-developer-fresher-jobs-in-mumbai-at-hansa-cequity1699421014',b'',0,0,0,0,0,0,good
GET,b'/internship/detail/real-estate-events-management-internship-in-mumbai-at-times-internet1700303330',b'',0,0,0,0,0,0,good
GET,b'/job/detail/trainee-business-associate-fresher-jobs-in-nashik-at-porter1698319912',b'',0,0,0,0,0,0,good
GET,b'/internship/detail/talent-acquisition-work-from-home-job-internship-at-scaler-academy1700462370',b'',0,0,0,0,0,0,good
GET,b'/job/detail/android-app-developer-fresher-jobs-in-delhi-at-ghar-pe-shiksha1700547295',b'',0,0,0,0,0,0,good
GET,b'/internship/detail/human-resources-hr-internship-in-gurgaon-at-collegedekhocom1700474068',b'',0,0,0,0,0,0,good
GET,b'/job/detail/omni-sports-leader-fresher-jobs-in-pune-at-decathlon1700374433',b'',0,0,0,0,0,0,good
GET,b'/internship/detail/marketing-work-from-home-job-internship-at-dcc1700472602',b'',0,0,0,0,0,0,good
GET,b'/job/detail/office-executive-fresher-jobs-in-delhi-at-koshy-consultants-pvt-ltd1700292298',b'',0,0,0,0,0,0,good
GET,b'/internship/detail/production-assistance-internship-in-noida-at-times-internet1700462634',b'',0,0,0,0,0,0,good
GET,b'/job/detail/assistant-manager-fresher-jobs-in-mumbai-at-mazars-llp1700460349',b'',0,0,0,0,0,0,good
GET,b'/internship/detail/human-resources-hr-internship-in-mumbai-at-pnb-housing-finance1700470686',b'',0,0,0,0,0,0,good
GET,b'/job/detail/data-analytyics-trainer-fresher-jobs-in-bangalore-at-niit-foundation1700475710',b'',0,0,0,0,0,0,good
GET,b'/internship/detail/finance-accounting-internship-in-pune-at-anand-rathi1700469558',b'',0,0,0,0,0,0,good
GET,b'/job/detail/us-it-recruiter-fresher-jobs-in-chandigarh-mohali-at-spectraforce-technologies1700219595',b'',0,0,0,0,0,0,good
GET,b'/internship/detail/photography-videography-part-time-job-internship-at-multiple-locations-in-valuedrive-technologies-private-limited-spinny1700467994',b'',0,0,0,0,0,0,good
GET,b'/job/detail/omni-sport-leader-fresher-jobs-in-noida-at-decathlon1700241538',b'',0,0,0,0,0,0,good
GET,b'/internship/detail/research-associate-internship-in-bangalore-at-wakefit-innovations-private-limited1700461345',b'',0,0,0,0,0,0,good
GET,b'/job/detail/brand-operations-fresher-jobs-in-noida-at-amar-ujala-web-services1700464557',b'',0,0,0,0,0,0,good
GET,b'/internship/detail/graphic-design-internship-in-bangalore-at-scaler-academy1700460503',b'',0,0,0,0,0,0,good
GET,b'/job/detail/business-development-associate-fresher-jobs-in-mumbai-at-urban-company1700477655',b'',0,0,0,0,0,0,good
GET,b'/internship/detail/human-resources-hr-internship-in-mumbai-at-krystal-integrated-service-ltd1700462551',b'',0,0,0,0,0,0,good
GET,b'/job/detail/web-development-trainer-fresher-jobs-in-bangalore-at-niit-foundation1700475995',b'',0,0,0,0,0,0,good
GET,b'/internship/detail/operations-internship-in-bhubaneswar-cuttack-at-urban-company1700458657',b'',0,0,0,0,0,0,good
GET,b'/job/detail/client-advisor-fresher-jobs-in-bangalore-at-nobroker-technologies-solutions-private-limited1700467747',b'',0,0,0,0,0,0,good
GET,b'/internship/detail/recruitment-work-from-home-job-internship-at-ozzone-group1700300144',b'',0,0,0,0,0,0,good
GET,b'/job/detail/field-sales-executive-fresher-jobs-in-bangalore-mumbai-at-nobroker-technologies-solutions-private-limited1700464116',b'',0,0,0,0,0,0,good
GET,b'/internship/detail/product-management-work-from-home-job-internship-at-housingcom1700378917',b'',0,0,0,0,0,0,good
GET,b'/job/detail/associate-product-manager-fresher-jobs-in-jaipur-at-cardekhocom1700213826',b'',0,0,0,0,0,0,good
GET,b'/internship/detail/business-development-sales-internship-in-noida-at-leverage-edu1700406462',b'',0,0,0,0,0,0,good
GET,b'/job/detail/remote-finance-teacher-fresher-jobs-at-brightchamps-tech-private-limited1700220680',b'',0,0,0,0,0,0,good
GET,b'/internship/detail/social-work-work-from-home-job-internship-at-marpu-foundation1700389195',b'',0,0,0,0,0,0,good
GET,b'/job/detail/inside-sales-executive-fresher-jobs-in-bangalore-at-nobroker-technologies-solutions-private-limited1700199674',b'',0,0,0,0,0,0,good
GET,b'/internship/detail/digital-media-monitoring-content-analytics-work-from-home-job-internship-at-aam-aadmi-party1700383152',b'',0,0,0,0,0,0,good
GET,b'/job/detail/corporate-sales-executive-fresher-jobs-in-pune-at-godrej-properties-limited1700226748',b'',0,0,0,0,0,0,good
GET,b'/internship/detail/omni-sport-leader-part-time-job-internship-at-mumbai-in-decathlon-sport-india-private-limited1700325614',b'',0,0,0,0,0,0,good
GET,b'/job/detail/remote-content-writer-fresher-jobs-at-college-dunia1700137819',b'',0,0,0,0,0,0,good
GET,b'/job/detail/remote-junior-operations-associate-fresher-jobs-at-frontier1700085652',b'',0,0,0,0,0,0,good
GET,b'/job/detail/business-development-trainee-fresher-jobs-in-bangalore-at-kalvium1700111935',b'',0,0,0,0,0,0,good
GET,b'/job/detail/us-it-recruiter-fresher-jobs-in-mohali-at-spectraforce-technologies1700260738',b'',0,0,0,0,0,0,good
GET,b'/job/detail/business-development-associate-fresher-jobs-in-delhi-at-urban-company1700142099',b'',0,0,0,0,0,0,good
GET,b'/',b'',0,0,0,0,0,0,good
GET,b'/job/detail/business-development-associate-fresher-jobs-in-bangalore-at-urban-company1700207444',b'',0,0,0,0,0,0,good
GET,b'/job/detail/program-manager-fresher-jobs-in-bangalore-at-kalvium1700112744',b'',0,0,0,0,0,0,good
GET,b'/job/detail/business-development-executive-fresher-jobs-in-delhi-at-apollo-home-healthcare-limited1700107804',b'',0,0,0,0,0,0,good
GET,b'/job/detail/product-support-executive-technology-fresher-jobs-in-mumbai-at-incred-financial-services-limited1700168852',b'',0,0,0,0,0,0,good
GET,b'/nkDHTxmMR18N2l9k',b'',0,0,0,0,0,0,good
GET,b'/?qSCD={HIDd}&wKkY=<>',b'',0,0,0,0,0,0,good
GET,b'/job/detail/scheduling-executive-fresher-jobs-in-bangalore-at-viacom-18-media-private-limited1700161155',b'',0,0,0,0,0,0,good
GET,b'/job/detail/inside-sales-executive-fresher-jobs-in-bangalore-at-nobroker-technologies-solutions-private-limited1699354727',b'',0,0,0,0,0,0,good
GET,b'/job/detail/business-development-associate-fresher-jobs-in-multiple-locations-at-byjus-the-learning-app1699013509',b'',0,0,0,0,0,0,good
GET,b'/job/detail/academic-counselor-fresher-jobs-in-gurgaon-at-collegedekhocom1700110193',b'',0,0,0,0,0,0,good
GET,b'/TN6KMOM9',b'',0,0,0,0,0,0,good
GET,b'/',b'',0,0,0,0,0,0,good
GET,b'/hPwqsKIg',b'',0,0,0,0,0,0,good
GET,b'/d0jw0af2qbos',b'',0,0,0,0,0,0,good
GET,b'/robots.txt',b'',0,0,0,0,0,0,good
GET,b'/d0jw0af2qbos.html',b'',0,0,0,0,0,0,good
GET,b'/d0jw0af2qbos.php',b'',0,0,0,0,0,0,good
GET,b'/sitemap.xml',b'',0,0,0,0,0,0,good
GET,b'/d0jw0af2qbos.jsp',b'',0,0,0,0,0,0,good
GET,b'/',b'',0,0,0,0,0,0,good
GET,b'/',b'',0,0,0,0,0,0,good
GET,b'/?qSCD={HIDd}&wKkY=<>',b'',0,0,0,0,0,0,good
GET,b'/nkDHTxmMR18N2l9k',b'',0,0,0,0,0,0,good
GET,b'/TN6KMOM9',b'',0,0,0,0,0,0,good
GET,b'/',b'',0,0,0,0,0,0,good
GET,b'/hPwqsKIg',b'',0,0,0,0,0,0,good
GET,b'/robots.txt',b'',0,0,0,0,0,0,good
GET,b'/.well-known/openid-configuration',b'',0,0,0,0,0,0,good
GET,b'/opensearch.xml',b'',0,0,0,0,0,0,good
GET,b'/horde/imp/test.php',b'',0,0,0,0,0,0,good
GET,b'/.well-known/acme-challenge/<48242127>',b'',0,0,0,0,0,0,good
GET,b'/%0a.evil.com',b'',0,0,0,0,0,0,good
GET,b'/admin/',b'',0,0,0,0,0,0,good
GET,b'/',b'',0,0,0,0,0,0,good
GET,b'/jkstatus;a',b'',0,0,0,0,0,0,good
GET,b'/opensearch',b'',0,0,0,0,0,0,good
GET,b'/bitrix_server_test.php',b'',0,0,0,0,0,0,good
GET,b'/ad.php',b'',0,0,0,0,0,0,good
GET,b'/_adminer.php',b'',0,0,0,0,0,0,good
GET,b'/adminer.php',b'',0,0,0,0,0,0,good
GET,b'/adminer-4.3.0-mysql-en.php',b'',0,0,0,0,0,0,good
GET,b'/adminer-4.4.0-mysql-en.php',b'',0,0,0,0,0,0,good
GET,b'/adminer-4.3.0-mysql.php',b'',0,0,0,0,0,0,good
GET,b'/adminer-4.3.1.php',b'',0,0,0,0,0,0,good
GET,b'/adminer-4.5.0-mysql.php',b'',0,0,0,0,0,0,good
GET,b'/adminer-4.4.0-en.php',b'',0,0,0,0,0,0,good
GET,b'/adminer-4.2.5-mysql-en.php',b'',0,0,0,0,0,0,good
GET,b'/adminer-4.3.1-mysql.php',b'',0,0,0,0,0,0,good
GET,b'/adminer-4.5.0-mysql-en.php',b'',0,0,0,0,0,0,good
GET,b'/adminer-4.2.5-en.php',b'',0,0,0,0,0,0,good
GET,b'/adminer-4.3.0-en.php',b'',0,0,0,0,0,0,good
GET,b'/adminer-4.4.0.php',b'',0,0,0,0,0,0,good
GET,b'/adminer-4.3.0.php',b'',0,0,0,0,0,0,good
GET,b'/adminer-4.4.0-mysql.php',b'',0,0,0,0,0,0,good
GET,b'/bal',b'',0,0,0,0,0,0,good
GET,b'/adminer-4.6.1-en.php',b'',0,0,0,0,0,0,good
GET,b'/adminer-4.6.1.php',b'',0,0,0,0,0,0,good
GET,b'/adminer-4.6.2.php',b'',0,0,0,0,0,0,good
GET,b'/adminer-4.6.0-mysql.php',b'',0,0,0,0,0,0,good
GET,b'/adminer-4.6.0-en.php',b'',0,0,0,0,0,0,good
GET,b'/adminer-4.6.1-mysql-en.php',b'',0,0,0,0,0,0,good
GET,b'/adminer-4.3.1-en.php',b'',0,0,0,0,0,0,good
GET,b'/adminer-4.2.5.php',b'',0,0,0,0,0,0,good
GET,b'/adminer-4.2.5-mysql.php',b'',0,0,0,0,0,0,good
GET,b'/Adminer.php',b'',0,0,0,0,0,0,good
GET,b'/adminer-4.5.0-en.php',b'',0,0,0,0,0,0,good
GET,b'/adminer-4.6.0.php',b'',0,0,0,0,0,0,good
GET,b'/adminer-4.6.0-mysql-en.php',b'',0,0,0,0,0,0,good
GET,b'/adminer-4.5.0.php',b'',0,0,0,0,0,0,good
GET,b'/adminer-4.3.1-mysql-en.php',b'',0,0,0,0,0,0,good
GET,b'/.well-known/apple-app-site-association',b'',0,0,0,0,0,0,good
GET,b'/adminer-4.6.2-mysql.php',b'',0,0,0,0,0,0,good
GET,b'/adminer-4.6.2-mysql-en.php',b'',0,0,0,0,0,0,good
GET,b'/adminer-4.6.1-mysql.php',b'',0,0,0,0,0,0,good
GET,b'/adminer-4.6.2-en.php',b'',0,0,0,0,0,0,good
GET,b'/',b'',0,0,0,0,0,0,good
GET,b'/system/console/gatewaystatus',b'',0,0,0,0,0,1,good
GET,b'/balancer-manager',b'',0,0,0,0,0,0,good
GET,b'/opcache.php',b'',0,0,0,0,0,0,good
GET,b'/',b'',0,0,0,0,0,0,good
GET,b'/admin/LiveLogSettingsServlet?Action=read',b'',0,0,0,0,0,0,good
GET,b'/vpn/../vpns/cfg/smb.conf',b'',0,0,0,0,0,0,good
GET,b'/opcache-status/opcache.php',b'',0,0,0,0,0,0,good
GET,b'/info',b'',0,0,0,0,0,0,good
GET,b'/php-opcache-status/',b'',0,0,0,0,0,0,good
GET,b'/sitemap.xml',b'',0,0,0,0,0,0,good
GET,b'/v2/_catalog',b'',0,0,0,0,0,0,good
GET,b'/opcache-status/',b'',0,0,0,0,0,0,good
GET,b'/sitemap.xml.gz',b'',0,0,0,0,0,0,good
GET,b'/debug/pprof/',b'',0,0,0,0,0,0,good
GET,b'/remote/fgt_lang?lang=/../../../..//////////dev/cmdb/sslvpn_websession',b'',0,0,0,0,0,0,good
GET,b'/dashboard.html',b'',0,0,0,0,0,0,good
GET,b'/tree',b'',0,0,0,0,0,0,good
GET,b'/etc/shells',b'',0,0,0,0,0,0,good
GET,b'/info',b'',0,0,0,0,0,0,good
POST,b'/CMSInstall/install.aspx',b'',0,0,0,0,0,0,good
GET,b'/cluster/cluster',b'',0,0,0,0,0,0,good
POST,b'/CMSPages/Staging/syncserver.asmx',"b'<soap:Envelope xmlns:soap=""http://schemas.xmlsoap.org/soap/envelope/"" xmlns:xsi=""http://www.w3.org/2001/XMLSchema-instance"" xmlns:xsd=""http://www.w3.org/2001/XMLSchema"" xmlns:wsse=""http://docs.oasis-open.org/wss/2004/01/oasis-200401-wss-wssecurity-secext-1.0.xsd"" xmlns:wsu=""http://docs.oasis-open.org/wss/2004/01/oasis-200401-wss-wssecurity-utility-1.0.xsd"">\n    <soap:Header>\n      <wsse:Security soap:mustUnderstand=""1"">\n        <wsse:UsernameToken xmlns:wsu=""http://docs.oasis-open.org/wss/2004/01/oasis-200401-wss-wssecurity-utility-1.0.xsd"" wsu:Id=""SecurityToken-a0665943-dce0-4f97-8cfc-67e29e1fd76a"">\n          <wsse:Username>admin</wsse:Username>\n        </wsse:UsernameToken>\n      </wsse:Security>\n    </soap:Header>\n    <soap:Body>\n      <ProcessSynchronizationTaskWithoutBinary xmlns=""http://localhost/SyncWebService/SyncServer"">\n        <taskTitle>string</taskTitle>\n        <taskType>string</taskType>\n        <taskObjectType>string</taskObjectType>\n        <taskData>string</taskData>\n        <systemVersion>9.0</systemVersion>\n      </ProcessSynchronizationTaskWithoutBinary>\n    </soap:Body>\n  </soap:Envelope>'",0,18,0,0,117,2,good
GET,b'/nagiosxi/includes/dashlets/rss_dashlet/magpierss/scripts/magpie_debug.php?url=http://example.com/',b'',0,0,0,0,0,0,good
POST,b'/nagiosql/admin/helpedit.php',"b""selInfoKey1=1'UNION SELECT MD5(31337) -- &hidKey1=common&selInfoKey2=&hidKey2=free_variables_name&selInfoVersion=&hidVersion=&taContent=&modus=0""",1,0,1,1,4,0,good
GET,b'/status',b'',0,0,0,0,0,0,good
GET,b'/upstream_conf?upstream=backend',b'',0,0,0,0,0,0,good
GET,b'/static\\..\\..\\..\\..\\..\\..\\..\\..\\..\\etc\\shells',b'',0,0,0,0,0,0,good
GET,b'/api/5/nginx',b'',0,0,0,0,0,0,good
GET,b'/api/3/nginx',b'',0,0,0,0,0,0,good
GET,b'/api/6/nginx',b'',0,0,0,0,0,0,good
GET,b'/api/4/nginx',b'',0,0,0,0,0,0,good
GET,b'/typo3conf/ext/restler/vendor/luracast/restler/public/examples/resources/getsource.php?file=../../../../../../../LocalConfiguration.php',b'',0,0,0,0,0,0,good
GET,b'/static/../../../../../../../../../../../etc/shells',b'',0,0,0,0,0,0,good
GET,b'/dana-na///css/ds.js?/dana/html5acc/guacamole/',b'',0,0,0,0,0,0,good
GET,b'/assets/%2f',b'',0,0,0,0,0,0,good
GET,b'/index.php?s=/Index/\\think\\app/invokefunction&function=call_user_func_array&vars[0]=md5&vars[1][]=31337',b'',0,0,0,0,0,0,good
GET,b'/..%2f..%2f..%2f..%2f..%2f..%2f..%2f..%2f..%2f..%2fetc/shells',b'',0,0,0,0,0,0,good
GET,b'/',b'',0,0,0,0,0,0,good
POST,b'/password_change.cgi',b'user=wheel&pam=1&expired=2|echo+$((42588*33662))&old=test|echo+$((42588*33662))&new1=wheel&new2=wheel',0,0,0,4,0,0,good
GET,b'/?cb545088=1',b'',0,0,0,0,0,0,good
GET,b'/roller-ui/login.rol?pageTitle=${new%20java.lang.Integer(99793%2b99186)}',b'',0,0,0,1,0,0,good
CONNECT,b'www.acunetix.wvs:443',b'',0,0,0,0,0,0,good
GET,b'/axis2/services/listServices',b'',0,0,0,0,0,0,good
POST,b'/console/j_security_check',b'j_username=system&j_password=manager&submit=Login',0,0,0,0,0,1,good
GET,b'/dswsbobje/services/listServices',b'',0,0,0,0,0,0,good
GET,b'/',b'',0,0,0,0,0,0,good
GET,b'/index',b'',0,0,0,0,0,0,good
GET,b'/axis1/services/listServices',b'',0,0,0,0,0,0,good
GET,b'/server-info',b'',0,0,0,0,0,0,good
GET,b'/default',b'',0,0,0,0,0,0,good
GET,b'/axis/services/listServices',b'',0,0,0,0,0,0,good
GET,b'/server-status',b'',0,0,0,0,0,0,good
GET,b'/_vti_pvt/authors.pwd',b'',0,0,0,0,0,0,good
GET,b'/jboss-net/services/listServices',b'',0,0,0,0,0,0,good
GET,b'/stronghold-info',b'',0,0,0,0,0,0,good
POST,b'/_vti_bin/shtml.exe?_vti_rpc',b'method=open+service:3.0.2.1105&service_name=/',0,0,0,0,0,0,good
GET,b'/_vti_inf.html',b'',0,0,0,0,0,0,good
GET,b'/stronghold-status',b'',0,0,0,0,0,0,good
POST,b'/_vti_bin/_vti_aut/author.dll',b'method=open+service:3.0.2.1105&service_name=/',0,0,0,0,0,0,good
GET,b'/theme/META-INF%c0%af..%c0%af..%c0%af..%c0%af..%c0%af..%c0%af..%c0%af..%c0%af..%c0%af..%c0%af..%c0%af..%c0%af..%c0%afetc/passwd',b'',0,0,0,0,0,0,good
GET,b'/perl-status',b'',0,0,0,0,0,0,good
GET,b'/common/index.jsf',b'',0,0,0,0,0,0,good
GET,b'/theme/META-INF%c0%af..%c0%af..%c0%af..%c0%af..%c0%af..%c0%af..%c0%af..%c0%af..%c0%af..%c0%af..%c0%af..%c0%af..%c0%afwindows/win.ini',b'',0,0,0,0,0,0,good
GET,b'/browseDirectory.jsp',b'',0,0,0,0,0,0,good
GET,b'/cgi-mod/view_help.cgi?locale=/..//../..//../..//../..//../..//etc/passwd',b'',0,0,0,0,0,0,good
GET,b'/?__debugger__=yes&cmd=resource&f=debugger.js',b'',0,0,0,0,0,0,good
GET,b'/solr/admin/',b'',0,0,0,0,0,0,good
GET,b'/',b'',0,0,0,0,0,0,good
GET,b'/browseDirectory.jsp',b'',0,0,0,0,0,0,good
POST,b'/hire-remote',b'country_code=%2B91&csrf_test_name=2f6345b512bd14237c686343e99e316d&email=sample%40email.tst&first_name=UHOdllxh&last_name=UHOdllxh&password=g00dPa%24%24w0rD&phone_primary=555-666-0606&source=internshala&source_url=hire-remote&utm_campaign=1&utm_medium=1&utm_source=1',0,0,0,0,0,0,good
<script>alert(12345)</script>,b'/',b'',0,0,0,0,0,0,good
GET,b'/%5C../%5C../%5C../%5C../%5C../%5C../%5C../%5C../%5C../etc/hosts',b'',0,0,0,0,0,0,good
GET,b'/solr/admin/',b'',0,0,0,0,0,0,good
GET,b'/hire-freelancer/gx6mugluq2tv.jsp',b'',0,0,0,0,0,0,good
GET,b'/hire-freelancer/gx6mugluq2tv.html',b'',0,0,0,0,0,0,good
GET,b'/hire-freelancer',b'',0,0,0,0,0,0,good
GET,b'/hire-freelancer/',b'',0,0,0,0,0,0,good
GET,b'/hire-freelancer/gx6mugluq2tv.php',b'',0,0,0,0,0,0,good
GET,b'/hire-freelancer/gx6mugluq2tv',b'',0,0,0,0,0,0,good
GET,b'/|~.aspx',b'',0,0,0,0,0,0,good
GET,b'/Account/Register.aspx?ReturnUrl=',b'',0,0,0,0,0,0,good
GET,b'/plugins/servlet/oauth/users/icon-uri?consumerUri=http://bxss.me/t/fit.txt',b'',0,0,0,0,0,0,good
GET,b'/JCTl5uuc',b'',0,0,0,0,0,0,good
GET,b'/browseDirectory.jsp',b'',0,0,0,0,0,0,good
GET,b'/%0D%0Aheadername:%20headervalue',b'',0,0,0,0,0,0,good
GET,b'/%0D%0A%09headername:%20headervalue',b'',0,0,0,0,0,0,good
GET,b'/%0D%0A%20headername:%20headervalue',b'',0,0,0,0,0,0,good
GET,b'/solr/admin/',b'',0,0,0,0,0,0,good
GET,b'/%0D%09headername:%20headervalue',b'',0,0,0,0,0,0,good
GET,b'/%0Aheadername:%20headervalue',b'',0,0,0,0,0,0,good
GET,b'/%0Dheadername:%20headervalue',b'',0,0,0,0,0,0,good
GET,b'/hire-freelancer/designers',b'',0,0,0,0,0,0,good
GET,b'/%7E%0D%0Aheadername:%20headervalue',b'',0,0,0,0,0,0,good
GET,b'/hire-remote/89hdk5djnznu',b'',0,0,0,0,0,0,good
GET,b'/hire-remote/89hdk5djnznu.jsp',b'',0,0,0,0,0,0,good
GET,b'/hire-remote/89hdk5djnznu.html',b'',0,0,0,0,0,0,good
GET,b'/hire-remote',b'',0,0,0,0,0,0,good
GET,b'/hire-remote/',b'',0,0,0,0,0,0,good
GET,b'/hire-remote/89hdk5djnznu.php',b'',0,0,0,0,0,0,good
GET,b'/%25E5%2598%258A%25E5%2598%258Dheadername:%2520headervalue',b'',0,0,0,0,0,0,good
GET,b'/horde/util/barcode.php?type=../../../../../../../../../../../etc/passwd%00',b'',0,0,0,0,0,0,good
GET,b'/afN5PD00Ej',b'',0,0,0,0,0,0,good
GET,b'/coredumpcheck.php',b'',0,0,0,0,0,0,good
GET,b'/hire-remote/developers?utm_source=is_footer',b'',0,0,0,0,0,0,good
GET,b'/util/barcode.php?type=../../../../../../../../../../../etc/passwd%00',b'',0,0,0,0,0,0,good
GET,b'/afN5PD00Ej.php',b'',0,0,0,0,0,0,good
GET,b'/',b'',0,0,0,0,0,0,good
GET,b'/crossdomain.xml',b'',0,0,0,0,0,0,good
GET,b'/db.sql',b'',0,0,0,0,0,0,good
POST,b'/hire-freelancer/designers',b'country_code=%2B91&csrf_test_name=9912aca02f462c8d57f6a586ba88bf9a&email=sample%40email.tst&first_name=UHOdllxh&last_name=UHOdllxh&password=g00dPa%24%24w0rD&phone_primary=555-666-0606&source=internshala&source_url=hire-freelancer/designers&utm_campaign=1&utm_medium=1&utm_source=1',0,0,0,0,0,0,good
POST,b'/hire-remote/developers?utm_source=is_footer',b'country_code=%2B91&csrf_test_name=9912aca02f462c8d57f6a586ba88bf9a&email=sample%40email.tst&first_name=UHOdllxh&last_name=UHOdllxh&password=g00dPa%24%24w0rD&phone_primary=555-666-0606&source=internshala&source_url=hire-remote/developers&utm_campaign=1&utm_medium=1&utm_source=1',0,0,0,0,0,0,good
GET,b'/admin/',b'',0,0,0,0,0,0,good
GET,b'/afN5PD00Ej.cgi',b'',0,0,0,0,0,0,good
GET,b'/cgi-bin/welcome.cgi',b'',0,0,0,0,0,0,good
GET,b'/',b'',0,0,0,0,0,0,good
GET,b'/dump.sql',b'',0,0,0,0,0,0,good
GET,b'/hire-freelancers',b'',0,0,0,0,0,0,good
GET,b'/fresher-jobs/hr-jobs/',b'',0,0,0,0,0,0,good
GET,b'/fresher-jobs/hr-jobs/m9pg9nvtc1td.php',b'',0,0,0,0,0,0,good
GET,b'/',b'',0,0,0,0,0,0,good
GET,b'/fresher-jobs/hr-jobs/m9pg9nvtc1td.jsp',b'',0,0,0,0,0,0,good
GET,b'/fresher-jobs/hr-jobs/m9pg9nvtc1td',b'',0,0,0,0,0,0,good
GET,b'/fresher-jobs/hr-jobs/m9pg9nvtc1td.html',b'',0,0,0,0,0,0,good
GET,b'/fresher-jobs/hr-jobs',b'',0,0,0,0,0,0,good
GET,b'/afN5PD00Ej.pl',b'',0,0,0,0,0,0,good
GET,b'/fresher-jobs/hr-jobs/work-from-home/htbfnh980197',b'',0,0,0,0,0,0,good
GET,b'/fresher-jobs/hr-jobs/work-from-home/htbfnh980197.html',b'',0,0,0,0,0,0,good
GET,b'/fresher-jobs/hr-jobs/work-from-home/htbfnh980197.jsp',b'',0,0,0,0,0,0,good
GET,b'/fresher-jobs/hr-jobs/work-from-home',b'',0,0,0,0,0,0,good
GET,b'/fresher-jobs/hr-jobs/work-from-home/',b'',0,0,0,0,0,0,good
GET,b'/fresher-jobs/hr-jobs/work-from-home/htbfnh980197.php',b'',0,0,0,0,0,0,good
GET,b'/cgi-bin/jarrewrite.sh',b'',0,0,0,0,0,0,good
GET,b'/elmah.axd',b'',0,0,0,0,0,0,good
GET,b'/dbdump.sql',b'',0,0,0,0,0,0,good
GET,b'/fresher-jobs/computer-science-jobs/',b'',0,0,0,0,0,0,good
GET,b'/afN5PD00Ej.plx',b'',0,0,0,0,0,0,good
GET,b'/',b'',0,0,0,0,0,0,good
GET,b'/fresher-jobs/hr-jobs/',b'',0,0,0,0,0,0,good
GET,b'/ddos/index/',b'',0,0,0,0,0,0,good
GET,b'/admin/elmah.axd',b'',0,0,0,0,0,0,good
GET,b'/cgi-bin/welcome',b'',0,0,0,0,0,0,good
GET,b'/database.sql',b'',0,0,0,0,0,0,good
GET,b'/afN5PD00Ej.exe',b'',0,0,0,0,0,0,good
GET,b'/company/lcbjkxpvmrcd.jsp',b'',0,0,0,0,0,0,good
GET,b'/company/',b'',0,0,0,0,0,0,good
GET,b'/company',b'',0,0,0,0,0,0,good
GET,b'/company/lcbjkxpvmrcd.php',b'',0,0,0,0,0,0,good
GET,b'/company/lcbjkxpvmrcd',b'',0,0,0,0,0,0,good
GET,b'/company/lcbjkxpvmrcd.html',b'',0,0,0,0,0,0,good
GET,b'/solr/select/?q=test',b'',0,0,0,0,0,1,good
GET,b'/company/times-internet-career-1475651206',b'',0,0,0,0,0,0,good
GET,b'/fresher-jobs/hr-jobs-in-delhi/',b'',0,0,0,0,0,0,good
GET,b'/fresher-jobs/computer-science-jobs-in-delhi/',b'',0,0,0,0,0,0,good
GET,b'/administrator.cgi',b'',0,0,0,0,0,0,good
GET,b'/ibm/console/logon.jsp',b'',0,0,0,0,0,0,good
GET,b'/backup.sql',b'',0,0,0,0,0,0,good
GET,b'/afN5PD00Ej.asp',b'',0,0,0,0,0,0,good
GET,b'/_layouts/scriptresx.ashx?culture=en-us&name=SP.JSGrid.Res&rev=laygpE0lqaosnkB4iqx6mA%3D%3D&sections=All<script>alert(12345)</script>z',b'',0,0,0,1,0,0,good
GET,b'/admin.cgi',b'',0,0,0,0,0,0,good
GET,b'/facebook.sql',b'',0,0,0,0,0,0,good
GET,b'/fresher-jobs/hr-jobs-in-bangalore/',b'',0,0,0,0,0,0,good
GET,b'/fresher-jobs/computer-science-jobs-in-bangalore/',b'',0,0,0,0,0,0,good
GET,b'/afN5PD00Ej.aspx',b'',0,0,0,0,0,0,good
GET,b'//bxss.me',b'',0,0,0,0,0,0,good
GET,b'/cgi-bin/admin.cgi',b'',0,0,0,0,0,0,good
GET,b'/sqlnet.log',b'',0,0,0,0,0,0,good
POST,b'/fresher-jobs/hr-jobs/',b'city_sidebar=bangalore&internship_checkbox=on&part_time=on&remote_job=on&select_category=engineering&select_experience=fresher',0,0,0,0,0,2,good
GET,b'/facebookdb.sql',b'',0,0,0,0,0,0,good
GET,b'/fresher-jobs/hr-jobs-in-hyderabad/',b'',0,0,0,0,0,0,good
GET,b'/afN5PD00Ej.phtml',b'',0,0,0,0,0,0,good
GET,b'//bxss.me/%2e%2e',b'',0,0,0,0,0,0,good
GET,b'/fresher-jobs/computer-science-jobs-in-hyderabad/',b'',0,0,0,0,0,0,good
GET,b'/cgi-bin/FormHandler.cgi',b'',0,0,0,0,0,0,good
POST,b'/',b'csrf_test_name=08ab5139da9f396c8fc89ca42141e52f&email=sample%40email.tst&password=g00dPa%24%24w0rD',0,0,0,0,0,0,good
GET,b'/listener.log',b'',0,0,0,0,0,0,good
GET,b'/facebook_db.sql',b'',0,0,0,0,0,0,good
GET,b'/fresher-jobs/hr-jobs-in-pune/',b'',0,0,0,0,0,0,good
GET,b'/afN5PD00Ej.jhtml',b'',0,0,0,0,0,0,good
GET,b'////bxss.me/%2e%2e',b'',0,0,0,0,0,0,good
GET,b'/$sitepreview/localhost:2006/Wizard/',b'',0,0,0,0,0,0,good
GET,b'/cgi-bin/FormMail.cgi',b'',0,0,0,0,0,0,good
GET,b'/reports/rwservlet?report=test.rdf+desformat=html+destype=cache+JOBTYPE=rwurl+URLPARAMETER=%22http://bxss.me/rpb.png%22',b'',0,0,0,0,0,0,good
GET,b'/facebook-db.sql',b'',0,0,0,0,0,0,good
GET,b'/fresher-jobs/computer-science-jobs-in-pune/',b'',0,0,0,0,0,0,good
GET,b'/fresher-jobs/hr-jobs-in-kolkata/',b'',0,0,0,0,0,0,good
GET,b'/hire-freelancer/designers',b'',0,0,0,0,0,0,good
GET,b'/afN5PD00Ej.shtml',b'',0,0,0,0,0,0,good
GET,b'/loader-wizard.php?page=phpinfo',b'',0,0,0,0,0,0,good
GET,b'/cgi-bin/guestbook.cgi',b'',0,0,0,0,0,0,good
GET,b'/reports/rwservlet/showenv',b'',0,0,0,0,0,0,good
GET,b'/facebook_database.sql',b'',0,0,0,0,0,0,good
GET,b'/afN5PD00Ej.nsf',b'',0,0,0,0,0,0,good
GET,b'/ioncube/loader-wizard.php?page=phpinfo',b'',0,0,0,0,0,0,good
GET,b'/fresher-jobs/computer-science-jobs-in-kolkata/',b'',0,0,0,0,0,0,good
GET,b'/fresher-jobs/hr-jobs/',b'',0,0,0,0,0,0,good
GET,b'/cgi-bin/search.cgi',b'',0,0,0,0,0,0,good
GET,"b""/wps/wcm/connect/'+or+'TOssp'='TOssp""",b'',4,0,0,0,0,0,good
GET,b'/contact',b'',0,0,0,0,0,0,good
GET,b'/facebook-database.sql',b'',0,0,0,0,0,0,good
GET,b'/afN5PD00Ej.cfm',b'',0,0,0,0,0,0,good
POST,b'/mt/mt-upgrade.cgi',"b'__mode=run_actions&installing=1&steps=[[""core_drop_meta_for_table"",""class"",""0hZXPb4TaN""]]'",0,6,0,0,0,1,good
GET,b'/fresher-jobs/computer-science-jobs/',b'',0,0,0,0,0,0,good
GET,b'/cgi-sys/addalink.cgi',b'',0,0,0,0,0,0,good
POST,b'/internships/',b'&fast_response=on&internships_for_women=on&part_time=on&ppo=on&select_duration=1&start_date=1&stipend_filter_mobile=2000&work_from_home=on',0,0,0,0,0,1,good
GET,b'/facebook_dump.sql',b'',0,0,0,0,0,0,good
GET,b'/Global.asa.bak',b'',0,0,0,0,0,0,good
GET,b'/job/detail/human-resources-hr-associate-fresher-jobs-in-mumbai-at-sbi-funds-management-limited1700049477',b'',0,0,0,0,0,0,good
GET,b'/afN5PD00Ej.jsp',b'',0,0,0,0,0,0,good
POST,b'/cgi/mt/mt-upgrade.cgi',"b'__mode=run_actions&installing=1&steps=[[""core_drop_meta_for_table"",""class"",""0hZXPb4TaN""]]'",0,6,0,0,0,1,good
GET,b'/cgi-sys/entropybanner.cgi',b'',0,0,0,0,0,0,good
GET,b'/ddos/index/support@internshala.com',b'',0,0,0,0,0,0,good
GET,b'/job/detail/executive-product-support-fresher-jobs-in-bangalore-mumbai-at-directi1699867057',b'',0,0,0,0,0,0,good
GET,b'/facebook-dump.sql',b'',0,0,0,0,0,0,good
GET,b'/Global.asax.bak',b'',0,0,0,0,0,0,good
GET,b'/job/detail/hr-executive-fresher-jobs-in-noida-at-mynd-solutions-private-limited1699963623',b'',0,0,0,0,0,0,good
GET,b'/afN5PD00Ej.jspa',b'',0,0,0,0,0,0,good
GET,b'/cgi-sys/entropysearch.cgi',b'',0,0,0,0,0,0,good
GET,b'/jobs-by-category/',b'',0,0,0,0,0,0,good
GET,b'/job/detail/remote-data-analyst-consultant-fresher-jobs-at-educate-girls1699613206',b'',0,0,0,0,0,0,good
GET,b'/facebook_backup.sql',b'',0,0,0,0,0,0,good
GET,b'/_vti_pvt/service.cnf',b'',0,0,0,0,0,0,good
GET,b'/job/detail/us-it-recruiter-fresher-jobs-in-mohali-at-spectraforce-technologies1699534896',b'',0,0,0,0,0,0,good
GET,b'/afN5PD00Ej.stm',b'',0,0,0,0,0,0,good
GET,b'/long_inexistent_path12345_/Null.htw?CiWebhitsfile=:&CiRestriction=b&CiHiliteType=full',b'',0,0,0,0,0,0,good
GET,b'/internships-by-category/mz4bljv4v3kl.jsp',b'',0,0,0,0,0,0,good
GET,b'/internships-by-category/',b'',0,0,0,0,0,0,good
GET,b'/cgi-sys/defaultwebpage.cgi',b'',0,0,0,0,0,0,good
GET,b'/internships-by-category/mz4bljv4v3kl.php',b'',0,0,0,0,0,0,good
GET,b'/internships-by-category',b'',0,0,0,0,0,0,good
GET,b'/internships-by-category/mz4bljv4v3kl.html',b'',0,0,0,0,0,0,good
GET,b'/internships-by-category/mz4bljv4v3kl',b'',0,0,0,0,0,0,good
GET,b'/facebook-backup.sql',b'',0,0,0,0,0,0,good
GET,b'/web/database/manager',b'',0,0,0,0,0,0,good
GET,b'/job/detail/information-support-trainee-fresher-jobs-in-mumbai-at-sisl-infotech-private-limited1699342092',b'',0,0,0,0,0,0,good
GET,b'/job/detail/human-resources-hr-executive-fresher-jobs-in-gurgaon-at-hearcom1699526502',b'',0,0,0,0,0,0,good
GET,b'/+CSCOU+/../+CSCOE+/files/file_list.json',b'',0,0,0,0,0,0,good
GET,b'/cgi-sys/FormMail-clone.cgi',b'',0,0,0,0,0,0,good
GET,b'/job/detail/cloud-engineer-trainee-fresher-jobs-in-multiple-locations-at-redington-india-limited1698649745',b'',0,0,0,0,0,0,good
GET,b'/internships-by-category/',b'',0,0,0,0,0,0,good
GET,b'/backup-facebook.sql',b'',0,0,0,0,0,0,good
GET,b'/job/detail/junior-recruiter-fresher-jobs-in-ahmedabad-at-ims-group1699267011',b'',0,0,0,0,0,0,good
GET,b'/ClientAccessPolicy.xml',b'',0,0,0,0,0,0,good
GET,b'/cgi-sys/domainredirect.cgi',b'',0,0,0,0,0,0,good
GET,b'/job/detail/junior-python-developer-fresher-jobs-in-faridabad-at-extension-technologies-private-limited1700479514',b'',0,0,0,0,0,0,good
POST,b'/fresher-jobs/hr-jobs/',b'internship_checkbox=on&&remote_job=on&salary_filter_mobile=2&select_experience=fresher',0,0,0,0,0,1,good
GET,b'/backup_facebook.sql',b'',0,0,0,0,0,0,good
GET,b'/mPti2dv7kQ.cfm',b'',0,0,0,0,0,0,good
GET,b'/job/detail/hr-recruiter-fresher-jobs-in-mumbai-at-aqm-technologies1699096679',b'',0,0,0,0,0,0,good
GET,b'/cgi-mod/index.cgi',b'',0,0,0,0,0,0,good
GET,b'/job/',b'',0,0,0,0,0,0,good
GET,b'/facebook.com.sql',b'',0,0,0,0,0,0,good
GET,b'/CFIDE/administrator/index.cfm',b'',0,0,0,0,0,0,good
GET,b'/job/detail/android-app-developer-fresher-jobs-in-jaipur-at-k4-media-technologies1700206226',b'',0,0,0,0,0,0,good
GET,b'/job/detail/talent-acquisition-executive-fresher-jobs-in-dehradun-at-firstcry1698733982',b'',0,0,0,0,0,0,good
GET,b'/hire-talent?utm_campaign=employer_searchpage',b'',0,0,0,0,0,0,good
GET,b'/job/detail/wordpress-developer-fresher-jobs-in-jaipur-at-k4-media-technologies1700206520',b'',0,0,0,0,0,0,good
GET,b'/job/detail/hr-analyst-fresher-jobs-in-gurgaon-at-mazars-llp1698570850',b'',0,0,0,0,0,0,good
GET,b'/hire-freelancer',b'',0,0,0,0,0,0,good
GET,b'/job/detail/remote-python-developer-fresher-jobs-at-suprem-service1700555015',b'',0,0,0,0,0,0,good
GET,b'/job/detail/non-it-recruiter-fresher-jobs-in-gurgaon-at-spinny-valuedrive-technologies-private-limited1698326807',b'',0,0,0,0,0,0,good
GET,b'/company/',b'',0,0,0,0,0,0,good
GET,b'/job/detail/remote-java-developer-fresher-jobs-at-suprem-service1700557792',b'',0,0,0,0,0,0,good
GET,b'/job/detail/apprentice-hr-fresher-jobs-in-ahmedabad-at-shubham-shekhawat1697776954',b'',0,0,0,0,0,0,good
GET,b'/login/get_google?utm_campaign=&utm_medium=homepage&utm_source=bottom_navigaton',b'',0,0,0,0,0,0,good
GET,b'/job/detail/remote-net-developer-fresher-jobs-at-suprem-service1700556226',b'',0,0,0,0,0,0,good
GET,b'/job/detail/recruiter-fresher-jobs-in-mira-bhayandar-at-asmacs-skill-development-limited1698305992',b'',0,0,0,0,0,0,good
GET,b'/static/js/build/96m272qdh5c5.php',b'',0,0,0,0,0,0,good
GET,b'/static/js/build/96m272qdh5c5.jsp',b'',0,0,0,0,0,0,good
GET,b'/static/js/build',b'',0,0,0,0,0,0,good
GET,b'/static/js/build/',b'',0,0,0,0,0,0,good
GET,b'/static/js/build/96m272qdh5c5',b'',0,0,0,0,0,0,good
GET,b'/static/js/build/96m272qdh5c5.html',b'',0,0,0,0,0,0,good
GET,b'/job/detail/remote-junior-software-developer-fresher-jobs-at-iesoft-technologies-private-limited1700483798',b'',0,0,0,0,0,0,good
GET,b'/job/detail/uk-healthcare-recruiter-fresher-jobs-in-ahmedabad-at-ims-group1697099033',b'',0,0,0,0,0,0,good
GET,b'/static/js/build/react-app/ib7ewqxsievq.php',b'',0,0,0,0,0,0,good
GET,b'/static/js/build/react-app/ib7ewqxsievq.jsp',b'',0,0,0,0,0,0,good
GET,b'/static/js/build/react-app/',b'',0,0,0,0,0,0,good
GET,b'/static/js/build/react-app/ib7ewqxsievq',b'',0,0,0,0,0,0,good
GET,b'/static/js/build/react-app/ib7ewqxsievq.html',b'',0,0,0,0,0,0,good
GET,b'/static/js/build/react-app',b'',0,0,0,0,0,0,good
GET,b'/job/detail/remote-angularjs-developer-fresher-jobs-at-blackcoffer1700482463',b'',0,0,0,0,0,0,good
GET,b'/job/detail/recruitment-executive-fresher-jobs-in-gurgaon-at-gainers-realtors-llp1700460868',b'',0,0,0,0,0,0,good
GET,b'/static/js/build/react-app/culture.js',b'',0,0,0,0,0,0,good
GET,b'/job/detail/remote-data-engineer-fresher-jobs-at-blackcoffer1700482447',b'',0,0,0,0,0,0,good
GET,b'/job/detail/junior-recruiter-fresher-jobs-in-multiple-locations-at-wemakescholars1700467229',b'',0,0,0,0,0,0,good
GET,b'/hire-remote/developers',b'',0,0,0,0,0,0,good
GET,b'/job/detail/remote-associate-software-tester-fresher-jobs-at-suprem-service1700471617',b'',0,0,0,0,0,0,good
GET,b'/job/detail/human-resources-hr-executive-fresher-jobs-in-multiple-locations-at-peppermint-communications-private-limited1700234483',b'',0,0,0,0,0,0,good
GET,b'/fresher-jobs/computer-science-jobs/',b'',0,0,0,0,0,0,good
GET,b'/job/detail/remote-associate-javascript-developer-fresher-jobs-at-suprem-service1700465520',b'',0,0,0,0,0,0,good
GET,b'/job/detail/remote-human-resources-hr-executive-fresher-jobs-at-nixio-tech1700492110',b'',0,0,0,0,0,0,good
GET,b'/job/detail/remote-mean-stack-developer-fresher-jobs-at-blackcoffer1700041214',b'',0,0,0,0,0,0,good
GET,b'/job/detail/remote-software-developer-fresher-jobs-at-suprem-service1700465429',b'',0,0,0,0,0,0,good
GET,b'/job/detail/remote-human-resources-hr-executive-fresher-jobs-at-suprem-service1700464851',b'',0,0,0,0,0,0,good
GET,b'/job/detail/python-developer-fresher-jobs-in-chennai-at-learnasyougo-private-limited1700042860',b'',0,0,0,0,0,0,good
GET,b'/job/detail/front-end-developer-fresher-jobs-in-bangalore-at-one-root1700465169',b'',0,0,0,0,0,0,good
GET,b'/',b'',0,0,0,0,0,0,good
GET,b'/job/detail/human-resources-hr-executive-fresher-jobs-in-ludhiana-at-quadb-tech1700302376',b'',0,0,0,0,0,0,good
GET,b'/job/detail/front-end-developer-fresher-jobs-in-hyderabad-at-deepthought-edutech-ventures-private-limited1699950996',b'',0,0,0,0,0,0,good
GET,b'/job/detail/computer-operator-fresher-jobs-in-multiple-locations-at-suprem-service1700463318',b'',0,0,0,0,0,0,good
GET,b'/job/detail/human-resources-hr-associate-fresher-jobs-in-mumbai-at-break-the-code1700305160',b'',0,0,0,0,0,0,good
GET,b'/job/detail/django-developer-fresher-jobs-in-delhi-at-ayurveda-house-private-limited1699949903',b'',0,0,0,0,0,0,good
GET,b'/job/detail/computer-operator-fresher-jobs-in-multiple-locations-at-suprem-service1700462859',b'',0,0,0,0,0,0,good
GET,b'/job/detail/computer-operator-fresher-jobs-in-multiple-locations-at-suprem-service1700462790',b'',0,0,0,0,0,0,good
GET,b'/efWb5YMLJjWzVxlf',b'',0,0,0,0,0,0,good
GET,b'/?vDSS={KsNb}&uFPK=<>',b'',0,0,0,0,0,0,good
GET,b'/job/detail/remote-human-resources-hr-associate-fresher-jobs-at-as-trading1700238770',b'',0,0,0,0,0,0,good
GET,b'/job/detail/front-end-developer-fresher-jobs-in-hyderabad-at-deepthought-edutech-ventures-private-limited1699939389',b'',0,0,0,0,0,0,good
GET,b'/job/detail/computer-operator-fresher-jobs-in-multiple-locations-at-suprem-service1700462728',b'',0,0,0,0,0,0,good
GET,b'/TN6KMOM9',b'',0,0,0,0,0,0,good
GET,b'/',b'',0,0,0,0,0,0,good
GET,b'/job/detail/web-developer-fresher-jobs-in-hyderabad-at-deepthought-edutech-ventures-private-limited1699939347',b'',0,0,0,0,0,0,good
GET,b'/job/detail/senior-human-resources-hr-manager-fresher-jobs-in-gurgaon-at-letsdressup1700217915',b'',0,0,0,0,0,0,good
GET,b'/job/detail/computer-operator-fresher-jobs-in-multiple-locations-at-suprem-service1700462666',b'',0,0,0,0,0,0,good
GET,b'/hPwqsKIg',b'',0,0,0,0,0,0,good
GET,b'/job/detail/remote-mern-stack-developer-fresher-jobs-at-blackcoffer1699881062',b'',0,0,0,0,0,0,good
GET,b'/job/detail/remote-human-resource-fresher-jobs-at-codera-academy1700136712',b'',0,0,0,0,0,0,good
GET,b'/job/detail/remote-front-end-developer-fresher-jobs-at-suprem-service1700466261',b'',0,0,0,0,0,0,good
GET,b'/job/detail/remote-mobile-app-developer-fresher-jobs-at-avaari1699860760',b'',0,0,0,0,0,0,good
GET,b'/dugmwqtjljm5.jsp',b'',0,0,0,0,0,0,good
GET,b'/sitemap.xml',b'',0,0,0,0,0,0,good
GET,b'/robots.txt',b'',0,0,0,0,0,0,good
GET,b'/dugmwqtjljm5.html',b'',0,0,0,0,0,0,good
GET,b'/dugmwqtjljm5',b'',0,0,0,0,0,0,good
GET,b'/dugmwqtjljm5.php',b'',0,0,0,0,0,0,good
GET,b'/job/detail/human-resource-executive-hr-fresher-jobs-in-varanasi-at-qa-solvers1700119281',b'',0,0,0,0,0,0,good
GET,b'/job/detail/remote-backend-maintenance-executive-fresher-jobs-at-suprem-service1700304789',b'',0,0,0,0,0,0,good
GET,b'/sitemap.xml.gz',b'',0,0,0,0,0,0,good
POST,b'/internship/detail/ai-editorial-internship-in-noida-at-times-internet1700486393',b'csrf_test_name=8f2d04994d0538da0116d4893351cb64&email=sample%40email.tst&src_url=/internship/detail/ai-editorial-internship-in-noida-at-times-internet1700486393&subscription_location=no_internship',0,0,0,0,0,0,good
GET,b'/job/detail/recruiter-fresher-jobs-in-multiple-locations-at-simplify-solutions1700027564',b'',0,0,0,0,0,0,good
GET,b'/job/detail/remote-computer-operator-fresher-jobs-at-suprem-service1700304585',b'',0,0,0,0,0,0,good
GET,b'/registration/employer',b'',0,0,0,0,0,0,good
GET,b'/job/detail/human-resources-hr-executive-fresher-jobs-in-delhi-at-ayurveda-house-private-limited1699949535',b'',0,0,0,0,0,0,good
GET,b'/job/detail/junior-nodejs-developer-fresher-jobs-in-mumbai-at-zedex-info-private-limited1700201526',b'',0,0,0,0,0,0,good
GET,b'/fresher-jobs',b'',0,0,0,0,0,0,good
GET,b'/job/detail/assistant-manager-hr-fresher-jobs-in-dehradun-at-eduminatti1699942022',b'',0,0,0,0,0,0,good
GET,b'/job/detail/react-developer-fresher-jobs-in-mumbai-at-zedex-info-private-limited1700201023',b'',0,0,0,0,0,0,good
GET,b'/hire-freelancer/marketing',b'',0,0,0,0,0,0,good
GET,b'/job/detail/human-resources-hr-specialist-fresher-jobs-in-multiple-locations-at-avaari1699860740',b'',0,0,0,0,0,0,good
GET,b'/job/detail/llm-engineer-fresher-jobs-in-bangalore-at-kgraph-ai-solutions-pvt-ltd1700062735',b'',0,0,0,0,0,0,good
GET,b'/jobs-by-location/',b'',0,0,0,0,0,0,good
GET,b'/job/detail/remote-hr-trainer-fresher-jobs-at-webiniser-ltd1699838496',b'',0,0,0,0,0,0,good
GET,b'/job/detail/associate-software-engineer-fresher-jobs-in-pune-at-evcfinder-alphaexponential-solutions-llp1700136292',b'',0,0,0,0,0,0,good
GET,b'/jobs?utm_source=is_header',b'',0,0,0,0,0,0,good
GET,b'/job/detail/junior-operations-associate-fresher-jobs-in-bangalore-at-skillovilla-technologies-private-limited1699615300',b'',0,0,0,0,0,0,good
GET,b'/job/detail/remote-back-office-operator-executive-fresher-jobs-at-marwood-infotech1700135578',b'',0,0,0,0,0,0,good
POST,b'/jobs/?utm_medium=homepage&utm_source=banner',b'internship_checkbox=on&part_time=on&&salary_filter_mobile=2&select_experience=fresher',0,0,0,0,0,1,good
GET,b'/job/detail/remote-human-resources-hr-associate-fresher-jobs-at-a1-advance1699598200',b'',0,0,0,0,0,0,good
GET,b'/job/detail/front-end-developer-fresher-jobs-in-delhi-at-eupheus-learning1700134761',b'',0,0,0,0,0,0,good
GET,b'/internships-by-location/21l7i5ilr4h1',b'',0,0,0,0,0,0,good
GET,b'/internships-by-location/21l7i5ilr4h1.jsp',b'',0,0,0,0,0,0,good
GET,b'/internships-by-location/',b'',0,0,0,0,0,0,good
GET,b'/internships-by-location',b'',0,0,0,0,0,0,good
GET,b'/internships-by-location/21l7i5ilr4h1.html',b'',0,0,0,0,0,0,good
GET,b'/internships-by-location/21l7i5ilr4h1.php',b'',0,0,0,0,0,0,good
GET,b'/job/detail/remote-assistant-manager-fresher-jobs-at-a1-advance1699597977',b'',0,0,0,0,0,0,good
GET,b'/job/detail/remote-ios-developer-fresher-jobs-at-blackcoffer1700131156',b'',0,0,0,0,0,0,good
GET,b'/job/detail/remote-android-developer-fresher-jobs-at-blackcoffer1700131140',b'',0,0,0,0,0,0,good
GET,b'/internships-by-location/',b'',0,0,0,0,0,0,good
GET,b'/job/detail/executive-hr-fresher-jobs-in-mumbai-at-branch-karma1699507877',b'',0,0,0,0,0,0,good
GET,b'/job/detail/remote-technical-support-customer-care-executive-fresher-jobs-at-marwood-infotech1700128406',b'',0,0,0,0,0,0,good
POST,b'/hire-remote/developers?utm_source=is_footer',b'csrf_test_name=9912aca02f462c8d57f6a586ba88bf9a&email=sample%40email.tst&password=g00dPa%24%24w0rD',0,0,0,0,0,0,good
GET,b'/job/detail/human-resources-hr-executive-fresher-jobs-in-noida-at-stemplify1698396164',b'',0,0,0,0,0,0,good
GET,b'/job/detail/ai-developer-fresher-jobs-in-dehradun-at-vizon1700071926',b'',0,0,0,0,0,0,good
GET,b'/ddos/',b'',0,0,0,0,0,0,good
GET,b'/job/detail/human-resources-hr-associate-fresher-jobs-in-jaipur-at-guruji-astro1698295031',b'',0,0,0,0,0,0,good
GET,b'/job/detail/software-developer-fresher-jobs-in-hyderabad-at-solution-graph1700055843',b'',0,0,0,0,0,0,good
GET,b'/registration/employer',b'',0,0,0,0,0,0,good
GET,b'/job/detail/hr-trainee-recruiter-fresher-jobs-in-noida-at-aics-consultancy-service-private-limited1700466524',b'',0,0,0,0,0,0,good
GET,b'/job/detail/hr-recruiter-talent-acquisition-executive-fresher-jobs-in-chandigarh-at-t-a-solutions1699961883',b'',0,0,0,0,0,0,good
GET,b'/job/detail/talent-acquisition-specialist-fresher-jobs-in-gurgaon-at-quick-digital-technologies-private-limited1700217501',b'',0,0,0,0,0,0,good
GET,b'/job/detail/recruitment-analyst-fresher-jobs-in-noida-at-khaitan-infotech-private-limited1700211056',b'',0,0,0,0,0,0,good
GET,b'/',b'',0,0,0,0,0,0,good
GET,b'/student/interstitial/application/',b'',0,0,0,0,0,0,good
GET,b'/hire-freelancer/web-developers',b'',0,0,0,0,0,0,good
GET,b'/internships',b'',0,0,0,0,0,0,good
POST,b'/internships/',b'city_sidebar=mumbai&early_applicant=on&fast_response=on&internships_for_women=on&part_time=on&ppo=on&select_category=engineering&select_duration=1&start_date=1&work_from_home=on',0,0,0,0,0,2,good
GET,b'/jobs-by-skill/',b'',0,0,0,0,0,0,good
GET,b'/login/forgot_password/cuzn8xxxogl7.php',b'',0,0,0,0,0,0,good
GET,b'/login/forgot_password/cuzn8xxxogl7.jsp',b'',0,0,0,0,0,0,good
GET,b'/login/forgot_password',b'',0,0,0,0,0,0,good
GET,b'/login/forgot_password/',b'',0,0,0,0,0,0,good
GET,b'/login/forgot_password/cuzn8xxxogl7.html',b'',0,0,0,0,0,0,good
GET,b'/login/forgot_password/cuzn8xxxogl7',b'',0,0,0,0,0,0,good
GET,b'/login/forgot_password/employer',b'',0,0,0,0,0,0,good
GET,b'/login/forgot_password/employer',b'',0,0,0,0,0,0,good
