Method,Body,Path,Headers
GET,,/,"{'Host': 'demo.testfire.net\r', 'Sec-Ch-Ua': '""Not=A?Brand"";v=""99"", ""Chromium"";v=""118""\r', 'Sec-Ch-Ua-Mobile': '?0\r', 'Sec-Ch-Ua-Platform': '""Windows""\r', 'Upgrade-Insecure-Requests': '1\r', 'User-Agent': 'Mozilla/5.0 (Windows NT 10.0; Win64; x64) AppleWebKit/537.36 (KHTML, like Gecko) Chrome/118.0.5993.90 Safari/537.36\r', 'Accept': 'text/html,application/xhtml+xml,application/xml;q=0.9,image/avif,image/webp,image/apng,*/*;q=0.8,application/signed-exchange;v=b3;q=0.7\r', 'Sec-Fetch-Site': 'none\r', 'Sec-Fetch-Mode': 'navigate\r', 'Sec-Fetch-User': '?1\r', 'Sec-Fetch-Dest': 'document\r', 'Accept-Encoding': 'gzip, deflate, br\r', 'Accept-Language': 'en-US,en;q=0.9\r', 'Connection': 'close'}"
GET,,/login.jsp,"{'Host': 'demo.testfire.net\r', 'Cookie': 'JSESSIONID=BDD0DC1A366674C6ED9618CC57764F2C\r', 'Cache-Control': 'max-age=0\r', 'Upgrade-Insecure-Requests': '1\r', 'User-Agent': 'Mozilla/5.0 (Windows NT 10.0; Win64; x64) AppleWebKit/537.36 (KHTML, like Gecko) Chrome/118.0.5993.90 Safari/537.36\r', 'Accept': 'text/html,application/xhtml+xml,application/xml;q=0.9,image/avif,image/webp,image/apng,*/*;q=0.8,application/signed-exchange;v=b3;q=0.7\r', 'Sec-Fetch-Site': 'same-origin\r', 'Sec-Fetch-Mode': 'navigate\r', 'Sec-Fetch-User': '?1\r', 'Sec-Fetch-Dest': 'document\r', 'Sec-Ch-Ua': '""Not=A?Brand"";v=""99"", ""Chromium"";v=""118""\r', 'Sec-Ch-Ua-Mobile': '?0\r', 'Sec-Ch-Ua-Platform': '""Windows""\r', 'Referer': 'https://demo.testfire.net/login.jsp\r', 'Accept-Encoding': 'gzip, deflate, br\r', 'Accept-Language': 'en-US,en;q=0.9\r', 'Connection': 'close'}"
POST,uid=hola&passw=pranilllll&btnSubmit=Login,/doLogin,"{'Host': 'demo.testfire.net\r', 'Cookie': 'JSESSIONID=BDD0DC1A366674C6ED9618CC57764F2C\r', 'Content-Length': '41\r', 'Cache-Control': 'max-age=0\r', 'Sec-Ch-Ua': '""Not=A?Brand"";v=""99"", ""Chromium"";v=""118""\r', 'Sec-Ch-Ua-Mobile': '?0\r', 'Sec-Ch-Ua-Platform': '""Windows""\r', 'Upgrade-Insecure-Requests': '1\r', 'Origin': 'https://demo.testfire.net\r', 'Content-Type': 'application/x-www-form-urlencoded\r', 'User-Agent': 'Mozilla/5.0 (Windows NT 10.0; Win64; x64) AppleWebKit/537.36 (KHTML, like Gecko) Chrome/118.0.5993.90 Safari/537.36\r', 'Accept': 'text/html,application/xhtml+xml,application/xml;q=0.9,image/avif,image/webp,image/apng,*/*;q=0.8,application/signed-exchange;v=b3;q=0.7\r', 'Sec-Fetch-Site': 'same-origin\r', 'Sec-Fetch-Mode': 'navigate\r', 'Sec-Fetch-User': '?1\r', 'Sec-Fetch-Dest': 'document\r', 'Referer': 'https://demo.testfire.net/login.jsp\r', 'Accept-Encoding': 'gzip, deflate, br\r', 'Accept-Language': 'en-US,en;q=0.9\r', 'Connection': 'close'}"
GET,,/search.jsp?query=%3Cscript%3Ealert%2810%29%3C%2Fscript%3E,"{'Host': 'demo.testfire.net\r', 'Cookie': 'JSESSIONID=BDD0DC1A366674C6ED9618CC57764F2C\r', 'Sec-Ch-Ua': '""Not=A?Brand"";v=""99"", ""Chromium"";v=""118""\r', 'Sec-Ch-Ua-Mobile': '?0\r', 'Sec-Ch-Ua-Platform': '""Windows""\r', 'Upgrade-Insecure-Requests': '1\r', 'User-Agent': 'Mozilla/5.0 (Windows NT 10.0; Win64; x64) AppleWebKit/537.36 (KHTML, like Gecko) Chrome/118.0.5993.90 Safari/537.36\r', 'Accept': 'text/html,application/xhtml+xml,application/xml;q=0.9,image/avif,image/webp,image/apng,*/*;q=0.8,application/signed-exchange;v=b3;q=0.7\r', 'Sec-Fetch-Site': 'same-origin\r', 'Sec-Fetch-Mode': 'navigate\r', 'Sec-Fetch-User': '?1\r', 'Sec-Fetch-Dest': 'document\r', 'Referer': 'https://demo.testfire.net/login.jsp\r', 'Accept-Encoding': 'gzip, deflate, br\r', 'Accept-Language': 'en-US,en;q=0.9\r', 'Connection': 'close'}"
